volume,regime,composition,threshold,co2_savings_pct,throughput_change_pct,wait_change_pct
1500,Free-flow,light,10,0.635,0.0,-11.006
1500,Free-flow,light,25,0.542,0.0,-10.493
1500,Free-flow,light,33,0.381,0.0,-9.053
1500,Free-flow,light,44,0.388,0.0,-9.469
1500,Free-flow,light,50,0.157,0.0,-10.114
1500,Free-flow,light,75,0.718,0.0,-10.742
1500,Free-flow,light,100,-0.034,0.0,-8.428
1500,Free-flow,light,114,0.135,0.0,-11.094
1500,Free-flow,light,129,0.521,0.0,-10.949
1500,Free-flow,light,150,-0.02,0.0,-10.07
1500,Free-flow,light,200,0.192,0.0,-11.062
1500,Free-flow,light,300,0.21,0.0,-10.765
1500,Free-flow,baseline,10,0.27,0.0,-4.437
1500,Free-flow,baseline,25,-0.03,0.0,-3.499
1500,Free-flow,baseline,33,-0.124,0.0,-2.933
1500,Free-flow,baseline,44,0.346,0.0,-4.801
1500,Free-flow,baseline,50,-0.36,0.0,-2.233
1500,Free-flow,baseline,75,0.015,0.0,-4.356
1500,Free-flow,baseline,100,0.253,0.0,-4.914
1500,Free-flow,baseline,114,0.114,0.0,-4.492
1500,Free-flow,baseline,129,-0.166,0.0,-3.224
1500,Free-flow,baseline,150,0.09,0.0,-4.329
1500,Free-flow,baseline,200,0.061,0.0,-3.312
1500,Free-flow,baseline,300,-0.151,0.0,-2.944
1500,Free-flow,mixed,10,-0.52,0.0,-2.721
1500,Free-flow,mixed,25,0.163,0.0,-6.16
1500,Free-flow,mixed,33,0.041,0.0,-4.846
1500,Free-flow,mixed,44,-0.023,0.0,-4.678
1500,Free-flow,mixed,50,-0.115,0.0,-5.077
1500,Free-flow,mixed,75,-0.185,0.0,-4.534
1500,Free-flow,mixed,100,-0.353,0.0,-5.632
1500,Free-flow,mixed,114,-0.079,0.0,-3.709
1500,Free-flow,mixed,129,0.094,0.0,-5.553
1500,Free-flow,mixed,150,0.199,0.0,-5.393
1500,Free-flow,mixed,200,0.026,0.0,-4.398
1500,Free-flow,mixed,300,0.142,0.0,-5.288
1500,Free-flow,heavy,10,0.163,0.0,-6.156
1500,Free-flow,heavy,25,0.011,0.0,-6.347
1500,Free-flow,heavy,33,0.122,0.0,-5.928
1500,Free-flow,heavy,44,0.046,0.0,-6.017
1500,Free-flow,heavy,50,-0.236,0.0,-5.924
1500,Free-flow,heavy,75,-0.187,0.0,-5.323
1500,Free-flow,heavy,100,0.081,0.0,-5.965
1500,Free-flow,heavy,114,-0.031,0.0,-4.92
1500,Free-flow,heavy,129,0.045,0.0,-5.311
1500,Free-flow,heavy,150,0.104,0.0,-6.685
1500,Free-flow,heavy,200,0.251,0.0,-7.021
1500,Free-flow,heavy,300,0.216,0.0,-7.239
2900,Near-saturation,light,10,-6.32,0.0,-4.027
2900,Near-saturation,light,25,-3.497,0.0,-5.681
2900,Near-saturation,light,33,-5.493,0.0,-4.919
2900,Near-saturation,light,44,-3.611,0.0,-5.564
2900,Near-saturation,light,50,-4.581,0.0,-4.974
2900,Near-saturation,light,75,-6.831,0.0,-5.147
2900,Near-saturation,light,100,-1.307,0.0,-5.869
2900,Near-saturation,light,114,-7.704,0.0,-3.603
2900,Near-saturation,light,129,-3.832,0.0,-5.224
2900,Near-saturation,light,150,-4.642,0.0,-5.75
2900,Near-saturation,light,200,-2.341,0.0,-5.686
2900,Near-saturation,light,300,-6.559,0.0,-3.775
2900,Near-saturation,baseline,10,1.451,0.0,-8.525
2900,Near-saturation,baseline,25,1.169,0.0,-6.911
2900,Near-saturation,baseline,33,1.221,0.0,-6.924
2900,Near-saturation,baseline,44,0.827,0.0,-7.042
2900,Near-saturation,baseline,50,1.361,0.0,-7.872
2900,Near-saturation,baseline,75,0.659,0.0,-5.27
2900,Near-saturation,baseline,100,1.648,0.0,-8.656
2900,Near-saturation,baseline,114,0.344,0.0,-4.92
2900,Near-saturation,baseline,129,1.812,0.0,-9.126
2900,Near-saturation,baseline,150,0.51,0.0,-6.022
2900,Near-saturation,baseline,200,0.797,0.0,-5.186
2900,Near-saturation,baseline,300,0.971,0.0,-6.473
2900,Near-saturation,mixed,10,-4.112,0.0,-0.048
2900,Near-saturation,mixed,25,0.828,0.0,-4.551
2900,Near-saturation,mixed,33,-1.713,0.0,-0.503
2900,Near-saturation,mixed,44,0.67,0.0,-4.116
2900,Near-saturation,mixed,50,-1.831,0.0,-0.896
2900,Near-saturation,mixed,75,-5.299,0.0,2.791
2900,Near-saturation,mixed,100,-2.071,0.0,-1.581
2900,Near-saturation,mixed,114,-1.8,0.0,-1.087
2900,Near-saturation,mixed,129,0.058,0.0,-3.648
2900,Near-saturation,mixed,150,-2.351,0.0,-1.407
2900,Near-saturation,mixed,200,-0.949,0.0,-2.066
2900,Near-saturation,mixed,300,-4.323,0.0,2.187
2900,Near-saturation,heavy,10,0.17,0.0,-3.891
2900,Near-saturation,heavy,25,0.779,0.0,-6.49
2900,Near-saturation,heavy,33,0.609,0.0,-6.611
2900,Near-saturation,heavy,44,0.459,0.0,-5.74
2900,Near-saturation,heavy,50,0.873,0.0,-6.624
2900,Near-saturation,heavy,75,0.997,0.0,-6.993
2900,Near-saturation,heavy,100,1.1,0.0,-6.918
2900,Near-saturation,heavy,114,0.515,0.0,-5.774
2900,Near-saturation,heavy,129,0.874,0.0,-6.894
2900,Near-saturation,heavy,150,1.239,0.0,-6.92
2900,Near-saturation,heavy,200,0.134,0.0,-4.877
2900,Near-saturation,heavy,300,0.193,0.0,-3.878
3300,Breakdown onset,light,10,-0.431,0.0,-18.561
3300,Breakdown onset,light,25,1.506,0.0,-11.592
3300,Breakdown onset,light,33,0.887,0.0,-11.324
3300,Breakdown onset,light,44,1.228,0.0,-19.022
3300,Breakdown onset,light,50,0.942,0.0,-16.628
3300,Breakdown onset,light,75,0.082,0.0,-13.83
3300,Breakdown onset,light,100,0.546,0.0,-4.756
3300,Breakdown onset,light,114,-0.377,0.0,-4.084
3300,Breakdown onset,light,129,1.749,0.0,-20.002
3300,Breakdown onset,light,150,0.237,0.0,6.245
3300,Breakdown onset,light,200,0.57,0.0,-16.582
3300,Breakdown onset,light,300,0.872,0.0,-10.466
3300,Breakdown onset,baseline,10,0.787,0.0,-12.788
3300,Breakdown onset,baseline,25,0.736,0.0,-12.514
3300,Breakdown onset,baseline,33,0.925,0.0,-12.2
3300,Breakdown onset,baseline,44,0.964,0.0,-12.906
3300,Breakdown onset,baseline,50,1.363,0.0,-12.485
3300,Breakdown onset,baseline,75,1.222,0.0,-12.944
3300,Breakdown onset,baseline,100,1.753,0.0,-12.938
3300,Breakdown onset,baseline,114,0.403,0.0,-11.46
3300,Breakdown onset,baseline,129,1.472,0.0,-12.928
3300,Breakdown onset,baseline,150,2.032,0.0,-12.992
3300,Breakdown onset,baseline,200,0.831,0.0,-11.752
3300,Breakdown onset,baseline,300,1.261,0.0,-12.162
3300,Breakdown onset,mixed,10,0.092,0.0,-19.3
3300,Breakdown onset,mixed,25,1.741,0.0,-19.774
3300,Breakdown onset,mixed,33,-1.905,0.0,-9.304
3300,Breakdown onset,mixed,44,0.142,0.0,-17.523
3300,Breakdown onset,mixed,50,-0.357,0.0,-15.156
3300,Breakdown onset,mixed,75,0.243,0.0,-15.305
3300,Breakdown onset,mixed,100,0.474,0.0,-11.349
3300,Breakdown onset,mixed,114,-0.101,0.0,-12.009
3300,Breakdown onset,mixed,129,-1.076,0.0,-4.741
3300,Breakdown onset,mixed,150,0.238,0.0,-18.913
3300,Breakdown onset,mixed,200,-0.19,0.0,-14.724
3300,Breakdown onset,mixed,300,-0.253,0.0,-12.83
3300,Breakdown onset,heavy,10,2.164,0.0,-9.131
3300,Breakdown onset,heavy,25,2.896,0.0,-8.618
3300,Breakdown onset,heavy,33,2.155,0.0,-8.944
3300,Breakdown onset,heavy,44,2.539,0.0,-8.118
3300,Breakdown onset,heavy,50,3.43,0.0,-9.432
3300,Breakdown onset,heavy,75,2.728,0.0,-8.584
3300,Breakdown onset,heavy,100,2.977,0.0,-9.821
3300,Breakdown onset,heavy,114,2.628,0.0,-8.638
3300,Breakdown onset,heavy,129,2.791,0.0,-9.161
3300,Breakdown onset,heavy,150,1.433,0.0,-8.501
3300,Breakdown onset,heavy,200,1.9,0.0,-8.132
3300,Breakdown onset,heavy,300,2.86,0.0,-8.742
5000,Gridlock,light,10,-0.976,0.0,-55.389
5000,Gridlock,light,25,-0.827,0.0,-55.969
5000,Gridlock,light,33,-0.646,0.0,-56.23
5000,Gridlock,light,44,-1.128,0.0,-55.357
5000,Gridlock,light,50,-0.802,0.0,-52.623
5000,Gridlock,light,75,-0.64,0.0,-55.945
5000,Gridlock,light,100,-1.26,0.0,-55.506
5000,Gridlock,light,114,-0.889,0.0,-52.614
5000,Gridlock,light,129,-0.863,0.0,-54.006
5000,Gridlock,light,150,-0.947,0.0,-54.809
5000,Gridlock,light,200,-1.009,0.0,-54.739
5000,Gridlock,light,300,-0.812,0.0,-55.212
5000,Gridlock,baseline,10,-0.153,0.0,-11.292
5000,Gridlock,baseline,25,-0.196,0.0,-15.415
5000,Gridlock,baseline,33,-0.159,0.0,-14.334
5000,Gridlock,baseline,44,-0.115,0.0,-15.042
5000,Gridlock,baseline,50,-0.262,0.0,-15.844
5000,Gridlock,baseline,75,-0.182,0.0,-13.815
5000,Gridlock,baseline,100,-0.287,0.0,-13.421
5000,Gridlock,baseline,114,-0.318,0.0,-13.418
5000,Gridlock,baseline,129,-0.183,0.0,-9.966
5000,Gridlock,baseline,150,-0.265,0.0,-9.403
5000,Gridlock,baseline,200,-0.206,0.0,-16.815
5000,Gridlock,baseline,300,-0.001,0.0,-13.49
5000,Gridlock,mixed,10,-0.702,0.0,-46.363
5000,Gridlock,mixed,25,-0.961,0.0,-39.935
5000,Gridlock,mixed,33,-0.794,0.0,-38.109
5000,Gridlock,mixed,44,-0.766,0.0,-45.167
5000,Gridlock,mixed,50,-0.72,0.0,-46.685
5000,Gridlock,mixed,75,-0.539,0.0,-47.718
5000,Gridlock,mixed,100,-0.567,0.0,-45.148
5000,Gridlock,mixed,114,-0.766,0.0,-45.775
5000,Gridlock,mixed,129,-0.656,0.0,-47.399
5000,Gridlock,mixed,150,-0.769,0.0,-41.228
5000,Gridlock,mixed,200,-0.566,0.0,-45.45
5000,Gridlock,mixed,300,-0.706,0.0,-46.563
5000,Gridlock,heavy,10,-0.035,0.0,-0.658
5000,Gridlock,heavy,25,0.138,0.0,-0.685
5000,Gridlock,heavy,33,0.001,0.0,1.646
5000,Gridlock,heavy,44,-0.036,0.0,-1.085
5000,Gridlock,heavy,50,0.149,0.0,2.712
5000,Gridlock,heavy,75,0.224,0.0,-3.701
5000,Gridlock,heavy,100,0.187,0.0,2.911
5000,Gridlock,heavy,114,0.066,0.0,2.922
5000,Gridlock,heavy,129,0.089,0.0,-1.017
5000,Gridlock,heavy,150,-0.111,0.0,-3.478
5000,Gridlock,heavy,200,0.073,0.0,3.717
5000,Gridlock,heavy,300,-0.11,0.0,-1.047
