volume,regime,penetration_pct,threshold,co2_savings_pct,throughput_change_pct,wait_change_pct
1500,Free-flow,20,10,-0.144,0.0,-0.147
1500,Free-flow,20,25,-0.363,0.0,1.992
1500,Free-flow,20,33,-0.084,0.0,-0.002
1500,Free-flow,20,44,-0.172,0.0,0.461
1500,Free-flow,20,50,0.199,0.0,0.258
1500,Free-flow,20,75,0.077,0.0,0.947
1500,Free-flow,20,100,-0.199,0.0,0.659
1500,Free-flow,20,114,0.033,0.0,1.031
1500,Free-flow,20,129,-0.157,0.0,0.523
1500,Free-flow,20,150,-0.403,0.0,1.275
1500,Free-flow,20,200,-0.271,0.0,2.122
1500,Free-flow,20,300,-0.291,0.0,3.585
1500,Free-flow,40,10,-0.32,0.0,-0.257
1500,Free-flow,40,25,-0.447,0.0,-0.095
1500,Free-flow,40,33,-0.294,0.0,-0.658
1500,Free-flow,40,44,0.161,0.0,-1.761
1500,Free-flow,40,50,-0.352,0.0,-0.212
1500,Free-flow,40,75,-0.082,0.0,-1.5
1500,Free-flow,40,100,-0.32,0.0,-2.135
1500,Free-flow,40,114,-0.389,0.0,1.652
1500,Free-flow,40,129,-0.421,0.0,0.383
1500,Free-flow,40,150,-0.094,0.0,-2.097
1500,Free-flow,40,200,-0.015,0.0,-0.685
1500,Free-flow,40,300,-0.476,0.0,1.68
1500,Free-flow,60,10,-0.212,0.0,-1.242
1500,Free-flow,60,25,0.204,0.0,-5.544
1500,Free-flow,60,33,-0.051,0.0,-1.804
1500,Free-flow,60,44,-0.06,0.0,-3.566
1500,Free-flow,60,50,-0.099,0.0,-3.708
1500,Free-flow,60,75,-0.287,0.0,-3.006
1500,Free-flow,60,100,-0.168,0.0,-3.192
1500,Free-flow,60,114,-0.001,0.0,-3.706
1500,Free-flow,60,129,0.126,0.0,-4.969
1500,Free-flow,60,150,-0.087,0.0,-3.733
1500,Free-flow,60,200,-0.149,0.0,-1.455
1500,Free-flow,60,300,-0.083,0.0,-1.037
1500,Free-flow,80,10,-0.055,0.0,-3.091
1500,Free-flow,80,25,0.161,0.0,-2.533
1500,Free-flow,80,33,0.118,0.0,-3.433
1500,Free-flow,80,44,0.288,0.0,-5.064
1500,Free-flow,80,50,0.057,0.0,-3.83
1500,Free-flow,80,75,0.122,0.0,-5.278
1500,Free-flow,80,100,-0.1,0.0,-2.928
1500,Free-flow,80,114,-0.181,0.0,-3.154
1500,Free-flow,80,129,-0.1,0.0,-3.984
1500,Free-flow,80,150,-0.22,0.0,-1.181
1500,Free-flow,80,200,-0.203,0.0,-3.517
1500,Free-flow,80,300,0.244,0.0,-2.47
1500,Free-flow,100,10,0.243,0.0,-4.977
1500,Free-flow,100,25,-0.205,0.0,-2.189
1500,Free-flow,100,33,0.266,0.0,-5.992
1500,Free-flow,100,44,-0.074,0.0,-2.417
1500,Free-flow,100,50,-0.36,0.0,-2.233
1500,Free-flow,100,75,0.218,0.0,-3.469
1500,Free-flow,100,100,0.176,0.0,-4.086
1500,Free-flow,100,114,-0.086,0.0,-3.153
1500,Free-flow,100,129,0.341,0.0,-3.387
1500,Free-flow,100,150,-0.19,0.0,-2.76
1500,Free-flow,100,200,-0.3,0.0,-2.792
1500,Free-flow,100,300,0.189,0.0,-3.635
2900,Near-saturation,20,10,1.181,0.0,-5.638
2900,Near-saturation,20,25,0.871,0.0,-5.044
2900,Near-saturation,20,33,0.944,0.0,-5.0
2900,Near-saturation,20,44,0.085,0.0,-2.817
2900,Near-saturation,20,50,0.777,0.0,-5.1
2900,Near-saturation,20,75,1.204,0.0,-6.031
2900,Near-saturation,20,100,1.154,0.0,-6.292
2900,Near-saturation,20,114,0.769,0.0,-4.995
2900,Near-saturation,20,129,0.72,0.0,-4.22
2900,Near-saturation,20,150,0.582,0.0,-4.464
2900,Near-saturation,20,200,0.09,0.0,-3.165
2900,Near-saturation,20,300,0.66,0.0,-4.187
2900,Near-saturation,40,10,0.882,0.0,-4.968
2900,Near-saturation,40,25,0.835,0.0,-5.583
2900,Near-saturation,40,33,1.558,0.0,-7.028
2900,Near-saturation,40,44,1.212,0.0,-5.603
2900,Near-saturation,40,50,1.21,0.0,-5.872
2900,Near-saturation,40,75,0.891,0.0,-5.526
2900,Near-saturation,40,100,1.128,0.0,-6.411
2900,Near-saturation,40,114,1.046,0.0,-6.11
2900,Near-saturation,40,129,1.295,0.0,-7.045
2900,Near-saturation,40,150,1.451,0.0,-7.044
2900,Near-saturation,40,200,1.027,0.0,-6.443
2900,Near-saturation,40,300,0.762,0.0,-5.208
2900,Near-saturation,60,10,1.121,0.0,-6.71
2900,Near-saturation,60,25,0.495,0.0,-4.534
2900,Near-saturation,60,33,1.166,0.0,-7.133
2900,Near-saturation,60,44,1.245,0.0,-6.39
2900,Near-saturation,60,50,1.582,0.0,-8.521
2900,Near-saturation,60,75,1.687,0.0,-7.918
2900,Near-saturation,60,100,0.333,0.0,-5.062
2900,Near-saturation,60,114,1.721,0.0,-8.491
2900,Near-saturation,60,129,1.046,0.0,-6.493
2900,Near-saturation,60,150,0.956,0.0,-5.759
2900,Near-saturation,60,200,1.029,0.0,-6.586
2900,Near-saturation,60,300,1.421,0.0,-7.32
2900,Near-saturation,80,10,0.961,0.0,-6.226
2900,Near-saturation,80,25,1.403,0.0,-8.273
2900,Near-saturation,80,33,1.398,0.0,-7.916
2900,Near-saturation,80,44,1.079,0.0,-6.675
2900,Near-saturation,80,50,0.832,0.0,-5.569
2900,Near-saturation,80,75,0.662,0.0,-5.353
2900,Near-saturation,80,100,1.052,0.0,-6.35
2900,Near-saturation,80,114,1.562,0.0,-8.064
2900,Near-saturation,80,129,0.529,0.0,-5.073
2900,Near-saturation,80,150,1.051,0.0,-6.786
2900,Near-saturation,80,200,1.179,0.0,-7.291
2900,Near-saturation,80,300,0.791,0.0,-6.226
2900,Near-saturation,100,10,1.132,0.0,-6.451
2900,Near-saturation,100,25,1.526,0.0,-7.902
2900,Near-saturation,100,33,1.219,0.0,-7.01
2900,Near-saturation,100,44,1.332,0.0,-7.923
2900,Near-saturation,100,50,1.361,0.0,-7.872
2900,Near-saturation,100,75,1.165,0.0,-7.277
2900,Near-saturation,100,100,1.054,0.0,-6.19
2900,Near-saturation,100,114,0.947,0.0,-6.653
2900,Near-saturation,100,129,1.213,0.0,-7.164
2900,Near-saturation,100,150,0.395,0.0,-5.222
2900,Near-saturation,100,200,1.545,0.0,-8.352
2900,Near-saturation,100,300,0.902,0.0,-6.356
3300,Breakdown onset,20,10,0.249,0.0,-13.544
3300,Breakdown onset,20,25,0.942,0.0,-13.435
3300,Breakdown onset,20,33,1.128,0.0,-14.361
3300,Breakdown onset,20,44,0.209,0.0,-13.186
3300,Breakdown onset,20,50,1.466,0.0,-13.828
3300,Breakdown onset,20,75,-0.442,0.0,-12.875
3300,Breakdown onset,20,100,0.443,0.0,-12.924
3300,Breakdown onset,20,114,1.904,0.0,-13.893
3300,Breakdown onset,20,129,0.324,0.0,-13.352
3300,Breakdown onset,20,150,-0.416,0.0,-12.823
3300,Breakdown onset,20,200,0.696,0.0,-13.186
3300,Breakdown onset,20,300,0.485,0.0,-13.232
3300,Breakdown onset,40,10,0.675,0.0,-12.943
3300,Breakdown onset,40,25,0.511,0.0,-13.489
3300,Breakdown onset,40,33,1.089,0.0,-13.491
3300,Breakdown onset,40,44,-0.097,0.0,-12.887
3300,Breakdown onset,40,50,1.012,0.0,-13.04
3300,Breakdown onset,40,75,1.517,0.0,-13.641
3300,Breakdown onset,40,100,0.687,0.0,-13.697
3300,Breakdown onset,40,114,0.804,0.0,-13.202
3300,Breakdown onset,40,129,1.661,0.0,-13.519
3300,Breakdown onset,40,150,-0.165,0.0,-13.22
3300,Breakdown onset,40,200,0.859,0.0,-13.532
3300,Breakdown onset,40,300,-0.411,0.0,-12.622
3300,Breakdown onset,60,10,0.542,0.0,-13.024
3300,Breakdown onset,60,25,0.863,0.0,-13.478
3300,Breakdown onset,60,33,0.823,0.0,-13.278
3300,Breakdown onset,60,44,0.906,0.0,-12.717
3300,Breakdown onset,60,50,0.09,0.0,-12.783
3300,Breakdown onset,60,75,1.129,0.0,-13.224
3300,Breakdown onset,60,100,0.724,0.0,-12.971
3300,Breakdown onset,60,114,1.929,0.0,-13.322
3300,Breakdown onset,60,129,1.851,0.0,-13.946
3300,Breakdown onset,60,150,1.875,0.0,-13.214
3300,Breakdown onset,60,200,-0.006,0.0,-12.682
3300,Breakdown onset,60,300,1.344,0.0,-13.233
3300,Breakdown onset,80,10,0.208,0.0,-12.762
3300,Breakdown onset,80,25,1.22,0.0,-13.29
3300,Breakdown onset,80,33,0.373,0.0,-12.664
3300,Breakdown onset,80,44,1.222,0.0,-12.397
3300,Breakdown onset,80,50,0.149,0.0,-12.096
3300,Breakdown onset,80,75,0.905,0.0,-14.166
3300,Breakdown onset,80,100,0.684,0.0,-13.169
3300,Breakdown onset,80,114,0.441,0.0,-13.212
3300,Breakdown onset,80,129,0.834,0.0,-12.905
3300,Breakdown onset,80,150,0.142,0.0,-13.374
3300,Breakdown onset,80,200,-0.119,0.0,-13.277
3300,Breakdown onset,80,300,0.038,0.0,-12.79
3300,Breakdown onset,100,10,0.089,0.0,-12.877
3300,Breakdown onset,100,25,2.269,0.0,-13.233
3300,Breakdown onset,100,33,0.674,0.0,-13.286
3300,Breakdown onset,100,44,1.499,0.0,-12.608
3300,Breakdown onset,100,50,1.363,0.0,-12.485
3300,Breakdown onset,100,75,0.38,0.0,-11.73
3300,Breakdown onset,100,100,1.415,0.0,-11.695
3300,Breakdown onset,100,114,0.143,0.0,-12.66
3300,Breakdown onset,100,129,0.101,0.0,-11.637
3300,Breakdown onset,100,150,-0.422,0.0,-12.009
3300,Breakdown onset,100,200,1.701,0.0,-12.785
3300,Breakdown onset,100,300,1.458,0.0,-12.762
5000,Gridlock,20,10,-1.373,0.0,-32.233
5000,Gridlock,20,25,-1.018,0.0,-36.066
5000,Gridlock,20,33,-1.216,0.0,-33.682
5000,Gridlock,20,44,-0.86,0.0,-33.318
5000,Gridlock,20,50,-1.257,0.0,-24.313
5000,Gridlock,20,75,-1.201,0.0,-34.597
5000,Gridlock,20,100,-1.033,0.0,-32.54
5000,Gridlock,20,114,-1.16,0.0,-30.811
5000,Gridlock,20,129,-1.239,0.0,-30.918
5000,Gridlock,20,150,-1.129,0.0,-34.154
5000,Gridlock,20,200,-0.93,0.0,-35.022
5000,Gridlock,20,300,-1.034,0.0,-30.984
5000,Gridlock,40,10,-1.311,0.0,-27.702
5000,Gridlock,40,25,-1.007,0.0,-28.977
5000,Gridlock,40,33,-0.873,0.0,-30.907
5000,Gridlock,40,44,-1.005,0.0,-31.399
5000,Gridlock,40,50,-0.969,0.0,-29.063
5000,Gridlock,40,75,-1.283,0.0,-31.863
5000,Gridlock,40,100,-1.005,0.0,-29.565
5000,Gridlock,40,114,-1.039,0.0,-30.92
5000,Gridlock,40,129,-0.982,0.0,-29.914
5000,Gridlock,40,150,-0.888,0.0,-27.407
5000,Gridlock,40,200,-1.078,0.0,-26.714
5000,Gridlock,40,300,-1.189,0.0,-25.271
5000,Gridlock,60,10,-1.016,0.0,-29.358
5000,Gridlock,60,25,-0.862,0.0,-26.131
5000,Gridlock,60,33,-0.812,0.0,-25.282
5000,Gridlock,60,44,-0.905,0.0,-30.315
5000,Gridlock,60,50,-0.815,0.0,-29.388
5000,Gridlock,60,75,-0.824,0.0,-30.147
5000,Gridlock,60,100,-0.912,0.0,-29.382
5000,Gridlock,60,114,-0.712,0.0,-29.553
5000,Gridlock,60,129,-0.945,0.0,-28.055
5000,Gridlock,60,150,-1.01,0.0,-26.886
5000,Gridlock,60,200,-0.848,0.0,-29.144
5000,Gridlock,60,300,-0.81,0.0,-22.834
5000,Gridlock,80,10,-0.673,0.0,-24.144
5000,Gridlock,80,25,-0.544,0.0,-16.481
5000,Gridlock,80,33,-0.442,0.0,-23.365
5000,Gridlock,80,44,-0.496,0.0,-24.22
5000,Gridlock,80,50,-0.489,0.0,-24.054
5000,Gridlock,80,75,-0.709,0.0,-19.54
5000,Gridlock,80,100,-0.438,0.0,-22.162
5000,Gridlock,80,114,-0.5,0.0,-24.929
5000,Gridlock,80,129,-0.48,0.0,-24.788
5000,Gridlock,80,150,-0.487,0.0,-25.699
5000,Gridlock,80,200,-0.373,0.0,-20.951
5000,Gridlock,80,300,-0.504,0.0,-23.882
5000,Gridlock,100,10,-0.242,0.0,-12.156
5000,Gridlock,100,25,-0.038,0.0,-16.3
5000,Gridlock,100,33,-0.118,0.0,-15.224
5000,Gridlock,100,44,-0.236,0.0,-15.539
5000,Gridlock,100,50,-0.262,0.0,-15.844
5000,Gridlock,100,75,-0.254,0.0,-15.442
5000,Gridlock,100,100,-0.228,0.0,-10.915
5000,Gridlock,100,114,-0.044,0.0,-12.727
5000,Gridlock,100,129,-0.121,0.0,-16.592
5000,Gridlock,100,150,-0.297,0.0,-10.719
5000,Gridlock,100,200,-0.387,0.0,-8.388
5000,Gridlock,100,300,-0.179,0.0,-13.944
