volume,regime,threshold,co2_savings_pct,throughput_change_pct,wait_change_pct,n_seeds_em,n_seeds_bl
1500,Free-flow,10,0.082,0.0,-4.73,10,10
1500,Free-flow,16,0.069,0.0,-4.428,10,10
1500,Free-flow,21,0.271,0.0,-4.401,10,10
1500,Free-flow,25,0.331,0.0,-4.842,10,10
1500,Free-flow,27,0.118,0.0,-3.113,10,10
1500,Free-flow,32,-0.119,0.0,-3.437,10,10
1500,Free-flow,33,0.042,0.0,-4.248,10,10
1500,Free-flow,39,-0.228,0.0,-2.35,10,10
1500,Free-flow,40,0.007,0.0,-4.162,10,10
1500,Free-flow,41,0.372,0.0,-4.52,10,10
1500,Free-flow,42,-0.236,0.0,-2.899,10,10
1500,Free-flow,43,-0.073,0.0,-1.479,10,10
1500,Free-flow,44,0.34,0.0,-3.902,10,10
1500,Free-flow,45,0.246,0.0,-5.279,10,10
1500,Free-flow,46,0.127,0.0,-3.946,10,10
1500,Free-flow,50,-0.36,0.0,-2.233,10,10
1500,Free-flow,54,0.036,0.0,-3.928,10,10
1500,Free-flow,61,-0.063,0.0,-1.931,10,10
1500,Free-flow,68,-0.031,0.0,-4.587,10,10
1500,Free-flow,75,0.271,0.0,-5.032,10,10
1500,Free-flow,100,-0.345,0.0,-1.547,10,10
1500,Free-flow,104,-0.084,0.0,-2.719,10,10
1500,Free-flow,108,-0.039,0.0,-3.273,10,10
1500,Free-flow,112,-0.234,0.0,-2.491,10,10
1500,Free-flow,114,-0.232,0.0,-3.432,10,10
1500,Free-flow,117,0.134,0.0,-3.814,10,10
1500,Free-flow,118,0.222,0.0,-3.724,10,10
1500,Free-flow,121,-0.089,0.0,-2.562,10,10
1500,Free-flow,122,-0.036,0.0,-3.385,10,10
1500,Free-flow,123,-0.171,0.0,-3.165,10,10
1500,Free-flow,124,-0.051,0.0,-2.961,10,10
1500,Free-flow,125,0.021,0.0,-4.554,10,10
1500,Free-flow,126,-0.141,0.0,-2.002,10,10
1500,Free-flow,129,-0.129,0.0,-3.889,10,10
1500,Free-flow,131,-0.239,0.0,-2.562,10,10
1500,Free-flow,132,0.034,0.0,-3.405,10,10
1500,Free-flow,133,0.009,0.0,-3.43,10,10
1500,Free-flow,134,0.153,0.0,-3.727,10,10
1500,Free-flow,135,-0.171,0.0,-2.976,10,10
1500,Free-flow,136,-0.002,0.0,-3.772,10,10
1500,Free-flow,137,-0.387,0.0,-2.387,10,10
1500,Free-flow,138,-0.012,0.0,-4.121,10,10
1500,Free-flow,139,0.058,0.0,-3.845,10,10
1500,Free-flow,143,-0.113,0.0,-2.949,10,10
1500,Free-flow,150,0.287,0.0,-5.719,10,10
1500,Free-flow,157,-0.108,0.0,-2.225,10,10
1500,Free-flow,171,0.155,0.0,-4.712,10,10
1500,Free-flow,186,0.078,0.0,-3.328,10,10
1500,Free-flow,200,-0.113,0.0,-4.005,10,10
1500,Free-flow,300,0.07,0.0,-2.683,10,10
2900,Near-saturation,10,1.238,0.0,-7.111,10,10
2900,Near-saturation,16,1.14,0.0,-7.481,10,10
2900,Near-saturation,21,1.17,0.0,-6.876,10,10
2900,Near-saturation,25,1.282,0.0,-7.799,10,10
2900,Near-saturation,27,1.112,0.0,-6.928,10,10
2900,Near-saturation,32,1.991,-2.439,-9.115,10,10
2900,Near-saturation,33,1.588,0.0,-8.309,10,10
2900,Near-saturation,39,1.253,0.0,-7.493,10,10
2900,Near-saturation,40,1.603,0.0,-7.828,10,10
2900,Near-saturation,41,1.215,0.0,-6.917,10,10
2900,Near-saturation,42,1.951,0.0,-8.658,10,10
2900,Near-saturation,43,1.112,0.0,-6.809,10,10
2900,Near-saturation,44,1.635,0.0,-8.142,10,10
2900,Near-saturation,45,1.245,0.0,-7.526,10,10
2900,Near-saturation,46,0.642,0.0,-5.825,10,10
2900,Near-saturation,50,1.361,0.0,-7.872,10,10
2900,Near-saturation,54,1.055,0.0,-6.557,10,10
2900,Near-saturation,61,0.891,0.0,-6.637,10,10
2900,Near-saturation,68,0.722,0.0,-5.621,10,10
2900,Near-saturation,75,0.773,0.0,-5.627,10,10
2900,Near-saturation,100,1.3,0.0,-6.865,10,10
2900,Near-saturation,104,0.647,0.0,-5.357,10,10
2900,Near-saturation,108,0.482,0.0,-5.259,10,10
2900,Near-saturation,112,0.897,0.0,-6.559,10,10
2900,Near-saturation,114,0.826,0.0,-5.462,10,10
2900,Near-saturation,117,1.087,0.0,-7.877,10,10
2900,Near-saturation,118,1.096,0.0,-6.81,10,10
2900,Near-saturation,121,1.294,0.0,-7.442,10,10
2900,Near-saturation,122,1.061,0.0,-6.789,10,10
2900,Near-saturation,123,1.625,0.0,-8.899,10,10
2900,Near-saturation,124,1.024,0.0,-6.297,10,10
2900,Near-saturation,125,1.9,0.0,-9.293,10,10
2900,Near-saturation,126,1.37,0.0,-7.763,10,10
2900,Near-saturation,129,0.665,0.0,-5.952,10,10
2900,Near-saturation,131,1.525,0.0,-7.509,10,10
2900,Near-saturation,132,1.624,0.0,-8.437,10,10
2900,Near-saturation,133,1.156,0.0,-6.973,10,10
2900,Near-saturation,134,1.341,0.0,-7.419,10,10
2900,Near-saturation,135,1.475,0.0,-7.827,10,10
2900,Near-saturation,136,1.27,0.0,-7.3,10,10
2900,Near-saturation,137,1.128,0.0,-6.531,10,10
2900,Near-saturation,138,0.881,0.0,-6.494,10,10
2900,Near-saturation,139,0.878,0.0,-5.984,10,10
2900,Near-saturation,143,0.925,0.0,-7.235,10,10
2900,Near-saturation,150,1.086,0.0,-7.066,10,10
2900,Near-saturation,157,1.535,0.0,-8.78,10,10
2900,Near-saturation,171,1.053,0.0,-6.84,10,10
2900,Near-saturation,186,0.585,0.0,-5.181,10,10
2900,Near-saturation,200,0.709,0.0,-5.926,10,10
2900,Near-saturation,300,1.063,0.0,-6.42,10,10
3300,Breakdown onset,10,2.195,0.0,-12.51,10,10
3300,Breakdown onset,16,1.134,0.0,-13.106,10,10
3300,Breakdown onset,21,2.061,0.0,-12.54,10,10
3300,Breakdown onset,25,1.974,0.0,-12.818,10,10
3300,Breakdown onset,27,1.023,0.0,-12.747,10,10
3300,Breakdown onset,32,1.75,0.0,-12.793,10,10
3300,Breakdown onset,33,0.638,0.0,-11.468,10,10
3300,Breakdown onset,39,1.961,0.0,-13.56,10,10
3300,Breakdown onset,40,1.219,0.0,-13.413,10,10
3300,Breakdown onset,41,-0.488,0.0,-11.959,10,10
3300,Breakdown onset,42,1.248,0.0,-12.842,10,10
3300,Breakdown onset,43,2.597,0.0,-13.243,10,10
3300,Breakdown onset,44,1.744,0.0,-12.017,10,10
3300,Breakdown onset,45,1.238,0.0,-12.378,10,10
3300,Breakdown onset,46,0.48,0.0,-11.564,10,10
3300,Breakdown onset,50,1.363,0.0,-12.485,10,10
3300,Breakdown onset,54,1.676,0.0,-12.738,10,10
3300,Breakdown onset,61,1.743,0.0,-12.631,10,10
3300,Breakdown onset,68,0.487,0.0,-12.457,10,10
3300,Breakdown onset,75,0.542,0.0,-12.575,10,10
3300,Breakdown onset,100,0.989,0.0,-11.55,10,10
3300,Breakdown onset,104,-0.254,0.0,-12.5,10,10
3300,Breakdown onset,108,1.595,0.0,-13.315,10,10
3300,Breakdown onset,112,1.221,0.0,-11.962,10,10
3300,Breakdown onset,114,1.572,0.0,-12.604,10,10
3300,Breakdown onset,117,0.946,0.0,-12.834,10,10
3300,Breakdown onset,118,0.206,0.0,-11.856,10,10
3300,Breakdown onset,121,1.089,0.0,-12.075,10,10
3300,Breakdown onset,122,1.063,0.0,-12.489,10,10
3300,Breakdown onset,123,1.694,0.0,-12.529,10,10
3300,Breakdown onset,124,2.318,0.0,-12.653,10,10
3300,Breakdown onset,125,0.704,0.0,-12.467,10,10
3300,Breakdown onset,126,0.408,0.0,-11.138,10,10
3300,Breakdown onset,129,2.578,0.0,-12.777,10,10
3300,Breakdown onset,131,0.969,0.0,-12.051,10,10
3300,Breakdown onset,132,0.493,0.0,-12.508,10,10
3300,Breakdown onset,133,1.11,0.0,-12.158,10,10
3300,Breakdown onset,134,2.199,0.0,-11.481,10,10
3300,Breakdown onset,135,3.01,0.0,-13.584,10,10
3300,Breakdown onset,136,0.657,0.0,-12.931,10,10
3300,Breakdown onset,137,1.321,0.0,-12.772,10,10
3300,Breakdown onset,138,1.12,0.0,-11.209,10,10
3300,Breakdown onset,139,1.588,0.0,-12.519,10,10
3300,Breakdown onset,143,0.52,0.0,-11.729,10,10
3300,Breakdown onset,150,1.757,0.0,-13.242,10,10
3300,Breakdown onset,157,-0.244,0.0,-13.177,10,10
3300,Breakdown onset,171,0.234,0.0,-11.821,10,10
3300,Breakdown onset,186,0.261,0.0,-12.62,10,10
3300,Breakdown onset,200,-0.357,0.0,-12.224,10,10
3300,Breakdown onset,300,0.053,0.0,-12.093,10,10
5000,Gridlock,10,-0.067,0.0,-15.113,10,10
5000,Gridlock,16,-0.11,0.0,-16.58,10,10
5000,Gridlock,21,0.712,-2.146,-17.025,10,10
5000,Gridlock,25,-0.201,0.0,-9.719,10,10
5000,Gridlock,27,1.784,-3.421,-17.438,10,10
5000,Gridlock,32,-0.332,0.0,-16.929,10,10
5000,Gridlock,33,-0.271,0.0,-12.677,10,10
5000,Gridlock,39,-0.276,0.0,-11.507,10,10
5000,Gridlock,40,-0.142,0.0,-13.932,10,10
5000,Gridlock,41,-0.123,0.0,-16.157,10,10
5000,Gridlock,42,-0.193,0.0,-15.422,10,10
5000,Gridlock,43,-0.302,0.0,-9.919,10,10
5000,Gridlock,44,-0.03,0.0,-7.446,10,10
5000,Gridlock,45,-0.123,0.0,-11.802,10,10
5000,Gridlock,46,-0.25,0.0,-15.623,10,10
5000,Gridlock,50,-0.262,0.0,-15.844,10,10
5000,Gridlock,54,-0.219,0.0,-12.675,10,10
5000,Gridlock,61,-0.21,0.0,-16.07,10,10
5000,Gridlock,68,-0.165,0.0,-14.806,10,10
5000,Gridlock,75,-0.264,0.0,-13.374,10,10
5000,Gridlock,100,-0.071,0.0,-13.429,10,10
5000,Gridlock,104,-0.007,0.0,-14.153,10,10
5000,Gridlock,108,-0.233,0.0,-12.933,10,10
5000,Gridlock,112,-0.245,0.0,-13.635,10,10
5000,Gridlock,114,0.012,0.0,-17.58,10,10
5000,Gridlock,117,-0.22,0.0,-11.727,10,10
5000,Gridlock,118,-0.246,0.0,-9.955,10,10
5000,Gridlock,121,-0.323,0.0,-11.721,10,10
5000,Gridlock,122,0.091,0.0,-10.388,10,10
5000,Gridlock,123,-0.049,0.0,-12.29,10,10
5000,Gridlock,124,-0.186,0.0,-17.012,10,10
5000,Gridlock,125,-0.201,0.0,-15.109,10,10
5000,Gridlock,126,-0.225,0.0,-16.882,10,10
5000,Gridlock,129,-0.082,0.0,-14.778,10,10
5000,Gridlock,131,-0.024,0.0,-15.61,10,10
5000,Gridlock,132,-0.092,0.0,-12.97,10,10
5000,Gridlock,133,-0.272,0.0,-11.392,10,10
5000,Gridlock,134,-0.542,0.0,-15.217,10,10
5000,Gridlock,135,-0.103,0.0,-10.586,10,10
5000,Gridlock,136,-0.199,0.0,-10.196,10,10
5000,Gridlock,137,-0.181,0.0,-13.888,10,10
5000,Gridlock,138,0.196,0.0,-14.994,10,10
5000,Gridlock,139,-0.217,0.0,-14.91,10,10
5000,Gridlock,143,-0.232,0.0,-16.607,10,10
5000,Gridlock,150,-0.201,0.0,-12.623,10,10
5000,Gridlock,157,-0.199,0.0,-10.065,10,10
5000,Gridlock,171,-0.324,0.0,-12.94,10,10
5000,Gridlock,186,-0.342,0.0,-14.884,10,10
5000,Gridlock,200,0.006,0.0,-14.053,10,10
5000,Gridlock,300,-0.138,0.0,-16.686,10,10
