volume,method,metric,mean,std
500,baseline,throughput,511.9862952559045,0.5145235748570354
500,baseline,avg_wait_time,5.2708984375,0.37530103680258825
500,baseline,avg_fulltrip_wait,6.1205078125,0.4575059717341002
500,baseline,avg_travel_time,33.0068359375,0.5011136051594278
500,baseline,avg_speed,8.69985301119338,0.12732184769609886
500,baseline,avg_co2_per_vehicle,264173.3567594479,3197.946013340155
500,emission_based,throughput,512.6322946786338,1.7146840094004259
500,emission_based,avg_wait_time,4.8615234375,0.2714540928479911
500,emission_based,avg_fulltrip_wait,5.74296875,0.31214359558955895
500,emission_based,avg_travel_time,32.68515625,0.44127123903160104
500,emission_based,avg_speed,8.7826064774037,0.11818841446977721
500,emission_based,avg_co2_per_vehicle,263073.9761758157,2257.9641436790703
600,baseline,throughput,618.4131026661328,0.7828695150690232
600,baseline,avg_wait_time,5.254113924050634,0.20194634572141265
600,baseline,avg_fulltrip_wait,6.162974683544304,0.2464730787106006
600,baseline,avg_travel_time,33.27642405063291,0.33095127495570836
600,baseline,avg_speed,8.629821273545343,0.08426530925704681
600,baseline,avg_co2_per_vehicle,268738.03007199446,1639.8018966634256
600,emission_based,throughput,619.119285860392,0.49649520972555633
600,emission_based,avg_wait_time,5.226898734177214,0.22368986007649397
600,emission_based,avg_fulltrip_wait,6.129588607594936,0.24014843666188812
600,emission_based,avg_travel_time,33.26914556962025,0.31830429211090117
600,emission_based,avg_speed,8.634220232998008,0.0799442040274095
600,emission_based,avg_co2_per_vehicle,269359.78860092984,2242.9190313016275
700,baseline,throughput,726.1596978318198,1.5138774228214529
700,baseline,avg_wait_time,5.1730978260869565,0.25153871344587064
700,baseline,avg_fulltrip_wait,6.021875,0.30523360159363877
700,baseline,avg_travel_time,33.05421195652173,0.4174887059770412
700,baseline,avg_speed,8.681350329501395,0.10521183893113431
700,baseline,avg_co2_per_vehicle,268725.72536052606,2547.6645598416376
700,emission_based,throughput,725.6018206958939,1.2303763739253277
700,emission_based,avg_wait_time,4.945244565217392,0.16363801248981327
700,emission_based,avg_fulltrip_wait,5.825,0.16533913742334005
700,emission_based,avg_travel_time,32.77527173913044,0.1991805192615689
700,emission_based,avg_speed,8.755601841227612,0.050616552399368575
700,emission_based,avg_co2_per_vehicle,267290.5850629075,2024.2794946814172
800,baseline,throughput,830.9821409241325,0.8393927567967785
800,baseline,avg_wait_time,5.117061611374408,0.08867246650522616
800,baseline,avg_fulltrip_wait,5.965284360189574,0.10089897409724989
800,baseline,avg_travel_time,33.083056872037915,0.15528240021964326
800,baseline,avg_speed,8.674440774813075,0.04137187336953842
800,baseline,avg_co2_per_vehicle,269578.320118771,1385.8639052572635
800,emission_based,throughput,830.5544854195272,1.9938197092001642
800,emission_based,avg_wait_time,4.973459715639811,0.20637089617762405
800,emission_based,avg_fulltrip_wait,5.840521327014217,0.25489810989399
800,emission_based,avg_travel_time,32.94431279620852,0.32607961093945403
800,emission_based,avg_speed,8.711245122832485,0.08063951471094116
800,emission_based,avg_co2_per_vehicle,267041.1402891766,1873.2161801170955
900,baseline,throughput,913.0498251869307,1.604517336405828
900,baseline,avg_wait_time,5.08568376068376,0.20301439366546617
900,baseline,avg_fulltrip_wait,5.965918803418804,0.22720892892029784
900,baseline,avg_travel_time,33.05309829059829,0.30521208132166555
900,baseline,avg_speed,8.685418634934365,0.0766178206686456
900,baseline,avg_co2_per_vehicle,266290.30126826186,2485.17252177818
900,emission_based,throughput,913.8947166274398,2.293912550386695
900,emission_based,avg_wait_time,5.062713675213676,0.16756691039964017
900,emission_based,avg_fulltrip_wait,5.923290598290598,0.17062791993869283
900,emission_based,avg_travel_time,32.95438034188034,0.199140283904788
900,emission_based,avg_speed,8.710760661459961,0.05073341149533886
900,emission_based,avg_co2_per_vehicle,265547.11495999864,1546.9024320588164
1000,baseline,throughput,998.7260097630797,2.0759715831267345
1000,baseline,avg_wait_time,5.084901960784314,0.10976294753721258
1000,baseline,avg_fulltrip_wait,5.955490196078431,0.12050148322186624
1000,baseline,avg_travel_time,32.99205882352941,0.14646642118124262
1000,baseline,avg_speed,8.699413206411172,0.03892299634418683
1000,baseline,avg_co2_per_vehicle,266052.7422853775,1618.8924842812185
1000,emission_based,throughput,1000.8483267444104,1.8383228122995947
1000,emission_based,avg_wait_time,4.899019607843138,0.08798985471559763
1000,emission_based,avg_fulltrip_wait,5.760294117647058,0.07988993052704166
1000,emission_based,avg_travel_time,32.78068627450981,0.16133576523089152
1000,emission_based,avg_speed,8.754358382774189,0.03887306970427354
1000,emission_based,avg_co2_per_vehicle,265235.0398371189,1293.7439705860963
1100,baseline,throughput,1112.107717776746,1.831335483497752
1100,baseline,avg_wait_time,5.132894736842106,0.17591262713446504
1100,baseline,avg_fulltrip_wait,6.086315789473684,0.23149726097854018
1100,baseline,avg_travel_time,33.26114035087719,0.2974962334649353
1100,baseline,avg_speed,8.633466887619582,0.07549944689975932
1100,baseline,avg_co2_per_vehicle,268453.05907200143,1459.1036659648541
1100,emission_based,throughput,1111.89729321237,1.9732399265488678
1100,emission_based,avg_wait_time,5.039824561403509,0.14692246643005208
1100,emission_based,avg_fulltrip_wait,5.978070175438597,0.1887135499630956
1100,emission_based,avg_travel_time,33.18456140350878,0.2211856325032316
1100,emission_based,avg_speed,8.651868925129799,0.054130667661287886
1100,emission_based,avg_co2_per_vehicle,267478.07506078004,1144.6143079888895
1200,baseline,throughput,1213.3135167597788,2.7528239284765275
1200,baseline,avg_wait_time,4.998951612903226,0.13741616023092726
1200,baseline,avg_fulltrip_wait,5.913951612903226,0.1742208199978051
1200,baseline,avg_travel_time,33.111451612903224,0.30380324223022004
1200,baseline,avg_speed,8.670544414126212,0.07760406632790119
1200,baseline,avg_co2_per_vehicle,265626.04470920836,1472.911863593097
1200,emission_based,throughput,1213.1793296425324,2.199317758540162
1200,emission_based,avg_wait_time,5.125887096774194,0.14481430303020063
1200,emission_based,avg_fulltrip_wait,6.054112903225805,0.18814343292487667
1200,emission_based,avg_travel_time,33.28709677419355,0.281635026659353
1200,emission_based,avg_speed,8.627173179501815,0.06876766120606523
1200,emission_based,avg_co2_per_vehicle,266700.3073933526,1577.5647434688915
1300,baseline,throughput,1314.0289456163541,2.4895148932052056
1300,baseline,avg_wait_time,5.134218289085546,0.18148097018601606
1300,baseline,avg_fulltrip_wait,6.124336283185841,0.22849202211797526
1300,baseline,avg_travel_time,33.40221238938053,0.33082651763485954
1300,baseline,avg_speed,8.596372169437306,0.0816233854085936
1300,baseline,avg_co2_per_vehicle,269622.56792777905,2141.9765720823148
1300,emission_based,throughput,1316.6128724172804,1.4039821915567874
1300,emission_based,avg_wait_time,5.153466076696165,0.11302807951986155
1300,emission_based,avg_fulltrip_wait,6.1687315634218285,0.17926628907345976
1300,emission_based,avg_travel_time,33.501474926253685,0.28295125331480864
1300,emission_based,avg_speed,8.570512450419566,0.06702976691391754
1300,emission_based,avg_co2_per_vehicle,270302.99159226427,1624.1604840732537
1400,baseline,throughput,1404.7659260943904,1.7121518326812053
1400,baseline,avg_wait_time,5.2029861111111115,0.20570355267177598
1400,baseline,avg_fulltrip_wait,6.279513888888888,0.2451682485565956
1400,baseline,avg_travel_time,33.566805555555554,0.27909856134427624
1400,baseline,avg_speed,8.552481158565422,0.06487016544174494
1400,baseline,avg_co2_per_vehicle,269283.0586879241,1251.2849155747924
1400,emission_based,throughput,1405.0329814819397,1.920868510974633
1400,emission_based,avg_wait_time,5.1705555555555565,0.11652901932857325
1400,emission_based,avg_fulltrip_wait,6.206805555555556,0.14106243692461548
1400,emission_based,avg_travel_time,33.555833333333325,0.23177434714356807
1400,emission_based,avg_speed,8.558661164155847,0.057059425688650946
1400,emission_based,avg_co2_per_vehicle,269323.53982403653,1495.4931260153637
1500,baseline,throughput,1489.0417672478611,3.817593379338573
1500,baseline,avg_wait_time,5.161279683377309,0.1387265269858228
1500,baseline,avg_fulltrip_wait,6.212203166226912,0.18454857668630198
1500,baseline,avg_travel_time,33.55026385224274,0.28894769189665415
1500,baseline,avg_speed,8.557334772531988,0.07109470607904332
1500,baseline,avg_co2_per_vehicle,269033.07318773906,1730.7114387913675
1500,emission_based,throughput,1489.2000379004173,2.871849307842206
1500,emission_based,avg_wait_time,5.207058047493404,0.06671370386792297
1500,emission_based,avg_fulltrip_wait,6.288588390501319,0.11004064070567675
1500,emission_based,avg_travel_time,33.72750659630607,0.20753942384637145
1500,emission_based,avg_speed,8.512291049149749,0.049451858027801984
1500,emission_based,avg_co2_per_vehicle,270005.27556608245,1532.5218859345882
1600,baseline,throughput,1592.3273402730788,2.0966024398338985
1600,baseline,avg_wait_time,5.12328431372549,0.15219823518094835
1600,baseline,avg_fulltrip_wait,6.218259803921569,0.19132582778080243
1600,baseline,avg_travel_time,33.68229166666667,0.27047546586484356
1600,baseline,avg_speed,8.525464659872592,0.06591341413349189
1600,baseline,avg_co2_per_vehicle,271076.6625806972,1361.1735827431553
1600,emission_based,throughput,1592.2121755235153,5.2043999453991034
1600,emission_based,avg_wait_time,5.1911764705882355,0.1306515668318195
1600,emission_based,avg_fulltrip_wait,6.330208333333333,0.17305280880689952
1600,emission_based,avg_travel_time,33.93351715686275,0.20761414394844419
1600,emission_based,avg_speed,8.462006156398235,0.051859232622702055
1600,emission_based,avg_co2_per_vehicle,272836.409296599,1674.7330597778398
1700,baseline,throughput,1692.5686165143386,4.9551270997426275
1700,baseline,avg_wait_time,5.312124711316398,0.15801227204086427
1700,baseline,avg_fulltrip_wait,6.5014434180138565,0.2138222756667638
1700,baseline,avg_travel_time,34.11726327944573,0.2798347560724385
1700,baseline,avg_speed,8.417515235350383,0.06732391933586063
1700,baseline,avg_co2_per_vehicle,272525.1702144824,1953.211553182673
1700,emission_based,throughput,1691.7837864188273,4.190407607685621
1700,emission_based,avg_wait_time,5.273556581986142,0.11524914706321866
1700,emission_based,avg_fulltrip_wait,6.518764434180139,0.17603570091316453
1700,emission_based,avg_travel_time,34.21893764434181,0.22724615785799482
1700,emission_based,avg_speed,8.389492258743266,0.053370779973393206
1700,emission_based,avg_co2_per_vehicle,272641.0192160975,1371.1283359105473
1800,baseline,throughput,1782.2042240836606,3.46551242434192
1800,baseline,avg_wait_time,5.23717248908297,0.1020889026895853
1800,baseline,avg_fulltrip_wait,6.524781659388646,0.12601020069593666
1800,baseline,avg_travel_time,34.19497816593886,0.18542276736750993
1800,baseline,avg_speed,8.395272625254673,0.04312783058458338
1800,baseline,avg_co2_per_vehicle,273011.7731917838,1330.557442287971
1800,emission_based,throughput,1783.1686235471018,3.637361235624923
1800,emission_based,avg_wait_time,5.31735807860262,0.10461603048574845
1800,emission_based,avg_fulltrip_wait,6.6039301310043665,0.1274165731916048
1800,emission_based,avg_travel_time,34.284879912663754,0.22066319946311827
1800,emission_based,avg_speed,8.376512233166022,0.054022559114601534
1800,emission_based,avg_co2_per_vehicle,273370.42993801716,1383.961024927828
1900,baseline,throughput,1888.0836458239107,3.303006286373973
1900,baseline,avg_wait_time,5.373556701030928,0.14151846647144162
1900,baseline,avg_fulltrip_wait,6.6970618556701025,0.199123791401891
1900,baseline,avg_travel_time,34.509175257731954,0.3320176518170056
1900,baseline,avg_speed,8.323412625742838,0.08210403999594186
1900,baseline,avg_co2_per_vehicle,274832.62389241694,1951.8606662963105
1900,emission_based,throughput,1886.0969983046539,3.815443819705875
1900,emission_based,avg_wait_time,5.349742268041237,0.11344686322146627
1900,emission_based,avg_fulltrip_wait,6.729123711340206,0.14335648367414225
1900,emission_based,avg_travel_time,34.582010309278346,0.20848835837691582
1900,emission_based,avg_speed,8.30525737446036,0.047860784605600164
1900,emission_based,avg_co2_per_vehicle,274096.3013399866,1803.5699106049321
2000,baseline,throughput,1982.1089282746107,4.061134471767217
2000,baseline,avg_wait_time,5.538982213438735,0.20812719326520068
2000,baseline,avg_fulltrip_wait,7.040415019762845,0.23460710209334654
2000,baseline,avg_travel_time,35.02766798418972,0.26138138122775845
2000,baseline,avg_speed,8.203698211341793,0.05996209838990884
2000,baseline,avg_co2_per_vehicle,277144.0795227024,1670.9345842412329
2000,emission_based,throughput,1979.6334628542686,4.45324893474007
2000,emission_based,avg_wait_time,5.4677865612648215,0.13629143990170284
2000,emission_based,avg_fulltrip_wait,6.956916996047431,0.16394480773362388
2000,emission_based,avg_travel_time,34.960622529644276,0.2859306344613071
2000,emission_based,avg_speed,8.217193943117802,0.06471799690008313
2000,emission_based,avg_co2_per_vehicle,277090.7090963215,1476.629629011752
2100,baseline,throughput,2088.8293118434713,3.389309115529004
2100,baseline,avg_wait_time,5.5930373831775695,0.13504728680801892
2100,baseline,avg_fulltrip_wait,7.14392523364486,0.21903748904896195
2100,baseline,avg_travel_time,35.31158878504672,0.30040164396768604
2100,baseline,avg_speed,8.136860082393932,0.06931843047177515
2100,baseline,avg_co2_per_vehicle,280430.0800174331,1460.1690612786235
2100,emission_based,throughput,2089.8491684432274,3.364802029493468
2100,emission_based,avg_wait_time,5.5760280373831765,0.0714843464782523
2100,emission_based,avg_fulltrip_wait,7.137102803738317,0.10428378107953415
2100,emission_based,avg_travel_time,35.348130841121495,0.14130396076658905
2100,emission_based,avg_speed,8.12646820827765,0.037017133567660294
2100,emission_based,avg_co2_per_vehicle,279894.30638306815,878.7045171569794
2200,baseline,throughput,2182.0583925944165,3.124614595797432
2200,baseline,avg_wait_time,5.685338680926916,0.08950087395860572
2200,baseline,avg_fulltrip_wait,7.34982174688057,0.15543107297301856
2200,baseline,avg_travel_time,35.66639928698753,0.23204902152313397
2200,baseline,avg_speed,8.05496086475763,0.05042433260638017
2200,baseline,avg_co2_per_vehicle,280668.7631841629,1495.7097176044301
2200,emission_based,throughput,2182.2548240926644,7.237091322770328
2200,emission_based,avg_wait_time,5.725846702317291,0.1255928585188519
2200,emission_based,avg_fulltrip_wait,7.414705882352941,0.19726953489411203
2200,emission_based,avg_travel_time,35.808600713012474,0.290973256184444
2200,emission_based,avg_speed,8.027413507813188,0.0629200908697225
2200,emission_based,avg_co2_per_vehicle,281194.80684277037,1744.3791095500098
2300,baseline,throughput,2269.723584864176,5.734233672793208
2300,baseline,avg_wait_time,5.9050600343053175,0.14691895479861536
2300,baseline,avg_fulltrip_wait,7.752186963979417,0.23274271583387113
2300,baseline,avg_travel_time,36.25480274442539,0.3095027696733066
2300,baseline,avg_speed,7.928721759092687,0.06381191894546098
2300,baseline,avg_co2_per_vehicle,282976.1273936181,1589.9998743844803
2300,emission_based,throughput,2271.1350844747367,5.585448757329067
2300,emission_based,avg_wait_time,5.903259005145798,0.10712109993224032
2300,emission_based,avg_fulltrip_wait,7.691123499142367,0.1491750179037863
2300,emission_based,avg_travel_time,36.28104631217839,0.22105846125619663
2300,emission_based,avg_speed,7.9240285995521,0.046392870625712665
2300,emission_based,avg_co2_per_vehicle,282578.4272331876,1359.677709390829
2400,baseline,throughput,2368.3795709054766,4.787198914321898
2400,baseline,avg_wait_time,6.12816091954023,0.13626993061067402
2400,baseline,avg_fulltrip_wait,8.09035303776683,0.24068102489007784
2400,baseline,avg_travel_time,36.85192939244663,0.33700106545400127
2400,baseline,avg_speed,7.80560826051539,0.0673975455908385
2400,baseline,avg_co2_per_vehicle,286352.0618740403,1634.2251157566845
2400,emission_based,throughput,2371.4472816459793,2.7785571752862683
2400,emission_based,avg_wait_time,5.999014778325123,0.1850582908236181
2400,emission_based,avg_fulltrip_wait,7.853899835796388,0.24629600761987702
2400,emission_based,avg_travel_time,36.55328407224959,0.38173480921550934
2400,emission_based,avg_speed,7.866814855070679,0.08366327963547007
2400,emission_based,avg_co2_per_vehicle,284915.91805836535,2380.5113677685335
2500,baseline,throughput,2464.0376251193834,3.0947906348803222
2500,baseline,avg_wait_time,6.248578199052132,0.12450273449419
2500,baseline,avg_fulltrip_wait,8.341824644549764,0.17097678239003497
2500,baseline,avg_travel_time,37.28088467614534,0.2599573828899974
2500,baseline,avg_speed,7.716068016626215,0.05327963635937468
2500,baseline,avg_co2_per_vehicle,288493.4859743596,1397.5223300349817
2500,emission_based,throughput,2466.839022757461,3.355196045821105
2500,emission_based,avg_wait_time,6.254304897314375,0.14503168247690465
2500,emission_based,avg_fulltrip_wait,8.307266982622433,0.26083202221981516
2500,emission_based,avg_travel_time,37.28104265402844,0.391236868240355
2500,emission_based,avg_speed,7.715459404566983,0.07949582800763902
2500,emission_based,avg_co2_per_vehicle,288118.6930099072,1697.4740732529026
2600,baseline,throughput,2559.926159553815,5.539864979611876
2600,baseline,avg_wait_time,6.629675716440422,0.13658566832099447
2600,baseline,avg_fulltrip_wait,8.965158371040724,0.22139005501825945
2600,baseline,avg_travel_time,38.308521870286576,0.31452357264060665
2600,baseline,avg_speed,7.51318572418261,0.05952340514028469
2600,baseline,avg_co2_per_vehicle,294023.64573640237,1806.1710227732915
2600,emission_based,throughput,2560.818675267833,5.507699206791373
2600,emission_based,avg_wait_time,6.5763197586727005,0.11099703176823184
2600,emission_based,avg_fulltrip_wait,8.905354449472096,0.2553865087642924
2600,emission_based,avg_travel_time,38.248416289592754,0.39779691589054295
2600,emission_based,avg_speed,7.524312995252586,0.07610812045410424
2600,emission_based,avg_co2_per_vehicle,293617.2046870131,1571.9070167614152
2700,baseline,throughput,2657.8392649634634,5.278481227976692
2700,baseline,avg_wait_time,6.956058394160584,0.13803373251203713
2700,baseline,avg_fulltrip_wait,9.53485401459854,0.1991954788058861
2700,baseline,avg_travel_time,39.14934306569343,0.2900028017450528
2700,baseline,avg_speed,7.351759692721638,0.054102921966825764
2700,baseline,avg_co2_per_vehicle,297319.0515929254,1383.6706063530646
2700,emission_based,throughput,2659.9848422172213,3.951459297150046
2700,emission_based,avg_wait_time,6.813503649635036,0.15071932236780358
2700,emission_based,avg_fulltrip_wait,9.319817518248176,0.2167030264262951
2700,emission_based,avg_travel_time,38.96211678832117,0.2703668159038549
2700,emission_based,avg_speed,7.38620887448324,0.05054965306556916
2700,emission_based,avg_co2_per_vehicle,296435.3233118622,956.7877256961895
2800,baseline,throughput,2758.0355042097444,5.287818020627512
2800,baseline,avg_wait_time,7.459295774647887,0.1756491206033676
2800,baseline,avg_fulltrip_wait,10.493028169014085,0.3639819508485866
2800,baseline,avg_travel_time,40.74524647887324,0.5200117556332999
2800,baseline,avg_speed,7.07320210910427,0.08847993524856974
2800,baseline,avg_co2_per_vehicle,303428.88550583564,2120.731581403685
2800,emission_based,throughput,2755.0675820655965,6.434324092379452
2800,emission_based,avg_wait_time,7.323732394366196,0.18559900238036398
2800,emission_based,avg_fulltrip_wait,10.496690140845072,0.4212485456766297
2800,emission_based,avg_travel_time,40.84338028169014,0.5562928489410769
2800,emission_based,avg_speed,7.054737376676795,0.09342386263451913
2800,emission_based,avg_co2_per_vehicle,303628.3596828963,2661.797373105483
2900,baseline,throughput,2844.067028445244,8.320528062329974
2900,baseline,avg_wait_time,8.17173024523161,0.24037808892215543
2900,baseline,avg_fulltrip_wait,12.319618528610354,0.5886233869512713
2900,baseline,avg_travel_time,43.50653950953678,0.9200833268831732
2900,baseline,avg_speed,6.636448145555053,0.1356012667027069
2900,baseline,avg_co2_per_vehicle,315283.6296065165,3780.710733576875
2900,emission_based,throughput,2846.8159004996933,6.672269030360572
2900,emission_based,avg_wait_time,7.801192098092642,0.2244016472364252
2900,emission_based,avg_fulltrip_wait,11.5133514986376,0.44627408792457457
2900,emission_based,avg_travel_time,42.408106267029964,0.6743840448016163
2900,emission_based,avg_speed,6.80400310082357,0.10743159507622249
2900,emission_based,avg_co2_per_vehicle,311049.3179773719,2923.821047321637
3000,baseline,throughput,2944.748721839491,3.1294997986381645
3000,baseline,avg_wait_time,9.02493377483444,0.2878888023206957
3000,baseline,avg_fulltrip_wait,14.690993377483442,0.8610982866079562
3000,baseline,avg_travel_time,47.33377483443709,1.3953679158354473
3000,baseline,avg_speed,6.112600347914776,0.1752815504318725
3000,baseline,avg_co2_per_vehicle,330616.024791236,5645.524602982409
3000,emission_based,throughput,2944.5907546743715,3.786405982494866
3000,emission_based,avg_wait_time,8.806291390728475,0.18646612391463224
3000,emission_based,avg_fulltrip_wait,14.333046357615894,0.6048001017023442
3000,emission_based,avg_travel_time,46.95377483443709,0.9728401444128885
3000,emission_based,avg_speed,6.157722224558256,0.12542153030881406
3000,emission_based,avg_co2_per_vehicle,328977.6697947796,3752.6910438075297
3100,baseline,throughput,3018.4232957943022,8.20656753413474
3100,baseline,avg_wait_time,10.218575063613232,0.21072845769928136
3100,baseline,avg_fulltrip_wait,19.800667938931298,1.311092507265618
3100,baseline,avg_travel_time,55.69398854961831,2.3372732532018587
3100,baseline,avg_speed,5.215984960752617,0.21487962599268862
3100,baseline,avg_co2_per_vehicle,365067.676303737,8819.500126601475
3100,emission_based,throughput,3015.1257758219263,8.053339394928855
3100,emission_based,avg_wait_time,9.770992366412212,0.20871718420843452
3100,emission_based,avg_fulltrip_wait,19.082156488549618,1.4897841277351296
3100,emission_based,avg_travel_time,54.953244274809165,2.577552751132377
3100,emission_based,avg_speed,5.286949152509023,0.2409462365686813
3100,emission_based,avg_co2_per_vehicle,362441.4560805286,9953.586640444879
3200,baseline,throughput,3032.8191305417135,20.096997788630308
3200,baseline,avg_wait_time,11.351856435643565,0.29572293378609005
3200,baseline,avg_fulltrip_wait,33.41540841584158,3.407553002664133
3200,baseline,avg_travel_time,78.62512376237623,5.558984206091579
3200,baseline,avg_speed,3.7233521337282305,0.2632518953994414
3200,baseline,avg_co2_per_vehicle,452186.9779213422,20806.486901631826
3200,emission_based,throughput,3045.369482633429,13.906234202565239
3200,emission_based,avg_wait_time,10.517605198019801,0.1704748930184573
3200,emission_based,avg_fulltrip_wait,32.90136138613862,3.928910592146913
3200,emission_based,avg_travel_time,79.29285272277228,6.751979865466255
3200,emission_based,avg_speed,3.7015005809301966,0.3339523649405767
3200,emission_based,avg_co2_per_vehicle,455229.1165659794,25776.87874889847
3300,baseline,throughput,3046.1332873956776,23.14293741445079
3300,baseline,avg_wait_time,12.250899280575538,0.3547883422713462
3300,baseline,avg_fulltrip_wait,49.106804556354916,3.969848896654908
3300,baseline,avg_travel_time,94.43564148681057,3.8864414243565832
3300,baseline,avg_speed,3.092228309639906,0.12934375910563028
3300,baseline,avg_co2_per_vehicle,511004.06030755106,14634.626592616853
3300,emission_based,throughput,3070.3058457513744,25.271607271611177
3300,emission_based,avg_wait_time,11.006414868105516,0.16974724903005783
3300,emission_based,avg_fulltrip_wait,46.098651079136694,3.441854708480921
3300,emission_based,avg_travel_time,92.65554556354917,2.5237162949800434
3300,emission_based,avg_speed,3.1468760942270664,0.0867502008789722
3300,emission_based,avg_co2_per_vehicle,504131.44441704376,9146.804433375464
3400,baseline,throughput,3068.462948936162,20.640685409266986
3400,baseline,avg_wait_time,12.971732788798132,0.6343144063664268
3400,baseline,avg_fulltrip_wait,62.94136522753793,4.987918179778376
3400,baseline,avg_travel_time,100.52657526254376,2.600793789825646
3400,baseline,avg_speed,2.901008500554389,0.07561662647297533
3400,baseline,avg_co2_per_vehicle,535444.2985102225,10526.083113573412
3400,emission_based,throughput,3087.2352852106037,18.114330422242087
3400,emission_based,avg_wait_time,11.905688448074681,0.5884958076430736
3400,emission_based,avg_fulltrip_wait,61.64766627771295,3.4567913945937323
3400,emission_based,avg_travel_time,100.18693115519253,2.329905016171113
3400,emission_based,avg_speed,2.9108299372910897,0.06832323853339378
3400,emission_based,avg_co2_per_vehicle,534469.3727983235,9565.151403656448
3500,baseline,throughput,3104.8688179498104,11.314738863601125
3500,baseline,avg_wait_time,14.049093997734994,0.4894673469979888
3500,baseline,avg_fulltrip_wait,75.02097961494903,3.760629219449143
3500,baseline,avg_travel_time,105.24368629671577,1.7158704854853708
3500,baseline,avg_speed,2.769502640430352,0.04637222302023263
3500,baseline,avg_co2_per_vehicle,555457.0453789769,7441.78194386118
3500,emission_based,throughput,3135.4857572599335,10.222715467399869
3500,emission_based,avg_wait_time,13.20240656851642,0.5535074778398533
3500,emission_based,avg_fulltrip_wait,72.69379954699886,3.111396731393182
3500,emission_based,avg_travel_time,104.98035107587768,1.9439440590422974
3500,emission_based,avg_speed,2.776950063220863,0.05171274873680266
3500,emission_based,avg_co2_per_vehicle,555178.3666745232,8511.119200184234
3600,baseline,throughput,3128.6152303463255,12.591068337356358
3600,baseline,avg_wait_time,16.08036303630363,0.7507609953427286
3600,baseline,avg_fulltrip_wait,92.45305280528052,5.487674853118049
3600,baseline,avg_travel_time,111.80244774477448,2.4377750732307755
3600,baseline,avg_speed,2.6054046520029077,0.0554532415856277
3600,baseline,avg_co2_per_vehicle,586279.2170432393,10634.783525785859
3600,emission_based,throughput,3137.8850414172166,8.110826470821543
3600,emission_based,avg_wait_time,15.55957095709571,0.5290296417249615
3600,emission_based,avg_fulltrip_wait,94.23649614961496,4.602594625146144
3600,emission_based,avg_travel_time,113.78908140814083,2.1325372624503527
3600,emission_based,avg_speed,2.559949948736724,0.048021056994488956
3600,emission_based,avg_co2_per_vehicle,595436.0051892402,8926.332706399253
3700,baseline,throughput,3127.1147714409694,27.940598903057793
3700,baseline,avg_wait_time,17.55511789924973,0.7282918868939595
3700,baseline,avg_fulltrip_wait,109.75040192926045,4.088492301702029
3700,baseline,avg_travel_time,117.04217577706322,2.2469580916743324
3700,baseline,avg_speed,2.485171205733226,0.048542355927595406
3700,baseline,avg_co2_per_vehicle,609417.8647757418,10250.203167301914
3700,emission_based,throughput,3146.1455876599002,23.154712786010425
3700,emission_based,avg_wait_time,17.558467309753485,0.8232225223173079
3700,emission_based,avg_fulltrip_wait,107.6729367631297,4.774401153190955
3700,emission_based,avg_travel_time,118.38965702036441,2.1998751580571883
3700,emission_based,avg_speed,2.4582739412643515,0.04606035970399068
3700,emission_based,avg_co2_per_vehicle,615810.3260846926,9285.397847664424
3800,baseline,throughput,3135.7478264989004,14.148044095564773
3800,baseline,avg_wait_time,19.797476586888656,0.5810787882183008
3800,baseline,avg_fulltrip_wait,122.2022372528616,4.298094418116062
3800,baseline,avg_travel_time,121.71912070759625,1.3810579389491742
3800,baseline,avg_speed,2.385039763386789,0.02841967312671915
3800,baseline,avg_co2_per_vehicle,629802.8463468819,6603.531889127075
3800,emission_based,throughput,3182.053410022147,15.985091082589095
3800,emission_based,avg_wait_time,18.95130072840791,0.6442932022724494
3800,emission_based,avg_fulltrip_wait,119.08577003121749,3.343227241254932
3800,emission_based,avg_travel_time,123.81701352757543,1.5682426627202575
3800,emission_based,avg_speed,2.348270403979283,0.028748570264960516
3800,emission_based,avg_co2_per_vehicle,640293.5317957514,7625.903370998406
3900,baseline,throughput,3168.1365440753207,22.112378093799045
3900,baseline,avg_wait_time,20.877005076142133,0.816298235731006
3900,baseline,avg_fulltrip_wait,129.66776649746194,6.53890748917985
3900,baseline,avg_travel_time,126.36560913705583,2.321698823427611
3900,baseline,avg_speed,2.2976106155017035,0.0425003219148749
3900,baseline,avg_co2_per_vehicle,651918.9116984146,10816.483450831232
3900,emission_based,throughput,3172.691595190724,10.411883057575947
3900,emission_based,avg_wait_time,20.37469543147208,0.40301434255889196
3900,emission_based,avg_fulltrip_wait,131.28111675126905,3.514512326407947
3900,emission_based,avg_travel_time,130.17736040609137,0.9942050055099348
3900,emission_based,avg_speed,2.2292650360828263,0.017434644916980564
3900,emission_based,avg_co2_per_vehicle,669346.2840849292,4508.519723083745
4000,baseline,throughput,3140.056093890646,13.025069174679397
4000,baseline,avg_wait_time,21.96630218687873,0.5750035228059769
4000,baseline,avg_fulltrip_wait,142.27022862823063,5.130098358969098
4000,baseline,avg_travel_time,131.31831510934393,1.5527718445400143
4000,baseline,avg_speed,2.2064366241520785,0.02850586839790288
4000,baseline,avg_co2_per_vehicle,674090.6008928467,6714.746375415932
4000,emission_based,throughput,3190.2975059482656,8.501040154782613
4000,emission_based,avg_wait_time,21.38011928429423,0.7254132636535359
4000,emission_based,avg_fulltrip_wait,138.33407057654077,4.924631726786894
4000,emission_based,avg_travel_time,133.6601640159046,1.4964928223183633
4000,emission_based,avg_speed,2.1692186810362792,0.0260190397767246
4000,emission_based,avg_co2_per_vehicle,685224.095944635,6424.031061454692
4100,baseline,throughput,3156.3028493585457,21.506167275000426
4100,baseline,avg_wait_time,22.367608695652173,0.396080523052667
4100,baseline,avg_fulltrip_wait,142.15990338164252,5.183078382964721
4100,baseline,avg_travel_time,133.6999033816425,1.1012552333527919
4100,baseline,avg_speed,2.1665257332017225,0.018362583714540828
4100,baseline,avg_co2_per_vehicle,685938.369498142,5581.319773526809
4100,emission_based,throughput,3190.9817028859457,17.28263824623203
4100,emission_based,avg_wait_time,21.757053140096616,0.9593304770393394
4100,emission_based,avg_fulltrip_wait,143.3207729468599,3.5192801366012096
4100,emission_based,avg_travel_time,136.2816425120773,0.7429158928828148
4100,emission_based,avg_speed,2.1236090376856773,0.013712566258558956
4100,emission_based,avg_co2_per_vehicle,697669.4579026692,2819.508303684758
4200,baseline,throughput,3163.7907638562956,20.691306127703893
4200,baseline,avg_wait_time,22.85794811320755,0.7431810881499412
4200,baseline,avg_fulltrip_wait,148.2429716981132,4.3089573248724715
4200,baseline,avg_travel_time,136.2616037735849,0.9726763874756019
4200,baseline,avg_speed,2.1228794382526415,0.01717745359840414
4200,baseline,avg_co2_per_vehicle,696823.4786259325,3688.727872220051
4200,emission_based,throughput,3206.6142372239456,17.327624335082504
4200,emission_based,avg_wait_time,21.054811320754716,0.4942888404710032
4200,emission_based,avg_fulltrip_wait,143.1851886792453,3.0145544245993463
4200,emission_based,avg_travel_time,137.48995283018868,0.7068022352096796
4200,emission_based,avg_speed,2.1040611123994024,0.013114745806615265
4200,emission_based,avg_co2_per_vehicle,702291.7289306052,2979.792880173085
4300,baseline,throughput,3172.8620254892417,16.858645299428414
4300,baseline,avg_wait_time,23.012718894009218,0.40318725029621005
4300,baseline,avg_fulltrip_wait,152.946797235023,2.22306564908503
4300,baseline,avg_travel_time,136.6649539170507,0.8429715390391178
4300,baseline,avg_speed,2.1143262878379407,0.014603583017060424
4300,baseline,avg_co2_per_vehicle,698280.8506395041,3814.5506953897593
4300,emission_based,throughput,3195.078899131263,19.319472167654023
4300,emission_based,avg_wait_time,21.055276497695854,0.5796811583848452
4300,emission_based,avg_fulltrip_wait,147.5976728110599,2.6692757515795695
4300,emission_based,avg_travel_time,139.03119815668202,0.7147885341844703
4300,emission_based,avg_speed,2.079012747572757,0.011081824774377727
4300,emission_based,avg_co2_per_vehicle,707978.9216026088,2906.992537600504
4400,baseline,throughput,3181.62508846478,20.07467553856815
4400,baseline,avg_wait_time,22.48026079136691,0.7079798139898523
4400,baseline,avg_fulltrip_wait,153.84359262589928,3.1173277020478065
4400,baseline,avg_travel_time,137.5492580935252,0.9685083153282303
4400,baseline,avg_speed,2.1017262546526676,0.016206266249827874
4400,baseline,avg_co2_per_vehicle,703755.172458298,4601.360954874592
4400,emission_based,throughput,3211.8322200648395,16.656225226694957
4400,emission_based,avg_wait_time,21.336285971223024,0.9005670249904678
4400,emission_based,avg_fulltrip_wait,150.22018884892088,2.7361541260220728
4400,emission_based,avg_travel_time,139.81083633093525,0.5742271615489225
4400,emission_based,avg_speed,2.067216238484341,0.011923006755484534
4400,emission_based,avg_co2_per_vehicle,712378.3863303369,2012.6784159717497
4500,baseline,throughput,3194.9699525816923,31.191254475533416
4500,baseline,avg_wait_time,23.0499115826702,0.7103778361208202
4500,baseline,avg_fulltrip_wait,157.29893899204245,2.9743490707604843
4500,baseline,avg_travel_time,138.2001326259947,0.6767084842148
4500,baseline,avg_speed,2.0873175841548406,0.010818529536118048
4500,baseline,avg_co2_per_vehicle,705937.0765372148,2446.9754683117567
4500,emission_based,throughput,3213.1482081472386,16.004888529931826
4500,emission_based,avg_wait_time,21.231454465075153,0.5566659118382584
4500,emission_based,avg_fulltrip_wait,151.7974801061008,2.6409085727911297
4500,emission_based,avg_travel_time,140.0076480990274,0.7394156403007628
4500,emission_based,avg_speed,2.064667918072996,0.012525531822478697
4500,emission_based,avg_co2_per_vehicle,712764.1910961932,3188.449320550587
4600,baseline,throughput,3181.5906984340345,21.876283522997074
4600,baseline,avg_wait_time,23.032102763385147,0.34991133786026357
4600,baseline,avg_fulltrip_wait,160.23696027633852,1.7374457381506552
4600,baseline,avg_travel_time,139.23061312607942,0.635594421817291
4600,baseline,avg_speed,2.071900443562666,0.00997780938398154
4600,baseline,avg_co2_per_vehicle,710370.438286019,1704.352081493607
4600,emission_based,throughput,3217.770169914572,12.461629208263869
4600,emission_based,avg_wait_time,21.53279360967185,0.5437818370102764
4600,emission_based,avg_fulltrip_wait,153.57722366148533,2.890399434380092
4600,emission_based,avg_travel_time,139.9653713298791,0.6927159178716307
4600,emission_based,avg_speed,2.066010721349846,0.010460269462635594
4600,emission_based,avg_co2_per_vehicle,713354.2110918018,2792.3915578470683
4700,baseline,throughput,3182.174673520948,25.840424825174797
4700,baseline,avg_wait_time,23.09508023648649,0.723355258467002
4700,baseline,avg_fulltrip_wait,161.87179054054053,4.627555142158306
4700,baseline,avg_travel_time,139.84149070945946,0.6269377663566021
4700,baseline,avg_speed,2.064254028910545,0.01109247647585174
4700,baseline,avg_co2_per_vehicle,713459.7144845827,2135.209561406538
4700,emission_based,throughput,3216.516679624943,10.73381435671876
4700,emission_based,avg_wait_time,21.335156250000004,0.738467095392681
4700,emission_based,avg_fulltrip_wait,156.29822635135136,3.481034960400418
4700,emission_based,avg_travel_time,140.4088893581081,0.5250079778833184
4700,emission_based,avg_speed,2.0583921297276384,0.008267666690121626
4700,emission_based,avg_co2_per_vehicle,715499.3410775168,1909.89419032369
4800,baseline,throughput,3181.4216153620414,20.541448629825183
4800,baseline,avg_wait_time,22.982837055417697,0.633306832108539
4800,baseline,avg_fulltrip_wait,162.60101323407775,2.9793830976546603
4800,baseline,avg_travel_time,139.96844499586433,0.6042519419162474
4800,baseline,avg_speed,2.061345997812908,0.010401812928556409
4800,baseline,avg_co2_per_vehicle,713285.7162618105,2645.775767542152
4800,emission_based,throughput,3220.966030039238,14.752048640894065
4800,emission_based,avg_wait_time,21.71157981803143,0.7762596698600662
4800,emission_based,avg_fulltrip_wait,159.60281224152192,2.7563253095473073
4800,emission_based,avg_travel_time,140.97766749379653,0.7955981602632234
4800,emission_based,avg_speed,2.048981777566341,0.014751583542789376
4800,emission_based,avg_co2_per_vehicle,716761.5307017885,2447.8441763861997
4900,baseline,throughput,3200.108045442629,18.62899394559647
4900,baseline,avg_wait_time,23.315129975629567,0.9070078311391103
4900,baseline,avg_fulltrip_wait,165.28417952883834,3.2482858499900704
4900,baseline,avg_travel_time,140.53340779853778,0.7991673549770686
4900,baseline,avg_speed,2.052616560057729,0.016166635171140056
4900,baseline,avg_co2_per_vehicle,716024.5351398126,2594.7016240155563
4900,emission_based,throughput,3215.582978534607,16.489263919316908
4900,emission_based,avg_wait_time,21.621202274573516,0.5360291279284499
4900,emission_based,avg_fulltrip_wait,159.74614134849716,2.4268169708882525
4900,emission_based,avg_travel_time,141.44786758732738,0.7050442146533982
4900,emission_based,avg_speed,2.040954886936965,0.010454751270975171
4900,emission_based,avg_co2_per_vehicle,719451.00666664,2695.1791809019364
5000,baseline,throughput,3189.748523586143,24.00693382292158
5000,baseline,avg_wait_time,23.25733890214797,1.451879247278435
5000,baseline,avg_fulltrip_wait,165.80970564836912,5.867057998506814
5000,baseline,avg_travel_time,140.84136833731105,0.9228570227490581
5000,baseline,avg_speed,2.0468211357872526,0.017462006937266704
5000,baseline,avg_co2_per_vehicle,717416.2901716835,3314.068101046897
5000,emission_based,throughput,3229.4729049474745,15.083445261849342
5000,emission_based,avg_wait_time,21.521519490851237,0.6936789280131171
5000,emission_based,avg_fulltrip_wait,160.48665473349243,2.805359833694362
5000,emission_based,avg_travel_time,141.4555091487669,0.650778391528839
5000,emission_based,avg_speed,2.040780868131107,0.010579907162144101
5000,emission_based,avg_co2_per_vehicle,719299.8215044545,2785.3328558623016
5100,baseline,throughput,3204.59780774593,22.682715991335918
5100,baseline,avg_wait_time,22.954108255451715,0.5589823266754768
5100,baseline,avg_fulltrip_wait,165.4667445482866,2.561215571971102
5100,baseline,avg_travel_time,140.61693925233644,0.4285245781106304
5100,baseline,avg_speed,2.0525652146964872,0.006898344412833059
5100,baseline,avg_co2_per_vehicle,717317.03173757,1861.0162623657727
5100,emission_based,throughput,3226.138082315391,14.304392645601132
5100,emission_based,avg_wait_time,21.6669976635514,0.4770894009604411
5100,emission_based,avg_fulltrip_wait,163.4402258566978,2.50406848947819
5100,emission_based,avg_travel_time,141.7485007788162,0.545039634527733
5100,emission_based,avg_speed,2.0363035350176526,0.008610926790175685
5100,emission_based,avg_co2_per_vehicle,721028.5506317607,1993.701958018068
5200,baseline,throughput,3189.540877541402,24.15774852594986
5200,baseline,avg_wait_time,23.305735518292686,0.6005034531759144
5200,baseline,avg_fulltrip_wait,168.35259146341463,2.0133747498631434
5200,baseline,avg_travel_time,141.01166158536586,0.5664944087298055
5200,baseline,avg_speed,2.0445577711269527,0.009147574148378594
5200,baseline,avg_co2_per_vehicle,718458.6175036738,2706.308417542942
5200,emission_based,throughput,3245.1091804460602,11.212643620241172
5200,emission_based,avg_wait_time,21.605849847560975,0.40725937182933125
5200,emission_based,avg_fulltrip_wait,161.4566120426829,1.8931928858384743
5200,emission_based,avg_travel_time,141.4755525914634,0.5851586761427793
5200,emission_based,avg_speed,2.040317122748129,0.009783281289688247
5200,emission_based,avg_co2_per_vehicle,719449.8487511501,2215.148491882849
5300,baseline,throughput,3198.653286157083,31.30096167786054
5300,baseline,avg_wait_time,23.160015003750935,0.35435137563356606
5300,baseline,avg_fulltrip_wait,168.51393473368339,2.7998602926382135
5300,baseline,avg_travel_time,141.4711740435109,0.7434527164662215
5300,baseline,avg_speed,2.0384973950750958,0.012579491680455133
5300,baseline,avg_co2_per_vehicle,719185.8558997122,2916.4310813323664
5300,emission_based,throughput,3236.306680925779,12.900008734534246
5300,emission_based,avg_wait_time,21.733233308327083,0.4156103601210778
5300,emission_based,avg_fulltrip_wait,163.98402100525132,3.1108854618123147
5300,emission_based,avg_travel_time,141.9335521380345,0.5157374071551014
5300,emission_based,avg_speed,2.0329839617888,0.00894602809322324
5300,emission_based,avg_co2_per_vehicle,720820.6497116552,1998.1459402974435
5400,baseline,throughput,3209.615552026205,13.431980222330026
5400,baseline,avg_wait_time,22.867930780559643,0.4049900016361545
5400,baseline,avg_fulltrip_wait,167.5374263622975,1.8736902158228723
5400,baseline,avg_travel_time,141.36478276877762,0.40704768945067815
5400,baseline,avg_speed,2.040878231343588,0.006381383323827841
5400,baseline,avg_co2_per_vehicle,719328.997937206,1983.9803844266874
5400,emission_based,throughput,3226.0467446526727,15.460774192698356
5400,emission_based,avg_wait_time,21.87314064801178,0.3936195612972706
5400,emission_based,avg_fulltrip_wait,164.74317010309278,1.3458435206768669
5400,emission_based,avg_travel_time,142.21117452135496,0.5548770954454042
5400,emission_based,avg_speed,2.030478674026465,0.010176172012210724
5400,emission_based,avg_co2_per_vehicle,721464.188505708,2016.64959886306
5500,baseline,throughput,3202.3605028119096,21.727290639414523
5500,baseline,avg_wait_time,23.02102313810557,0.8269169138988379
5500,baseline,avg_fulltrip_wait,168.7822668112798,4.084895160580329
5500,baseline,avg_travel_time,141.4156362979031,0.7192517631918225
5500,baseline,avg_speed,2.0375291664280617,0.012383684202311876
5500,baseline,avg_co2_per_vehicle,719195.0069346982,2852.0654013497447
5500,emission_based,throughput,3236.2915701852125,17.974833058572894
5500,emission_based,avg_wait_time,21.979989154013015,0.46141127640097335
5500,emission_based,avg_fulltrip_wait,165.19902386117136,1.7847298377779826
5500,emission_based,avg_travel_time,142.15025307302963,0.8868617637354675
5500,emission_based,avg_speed,2.0289870920617132,0.011990540668446717
5500,emission_based,avg_co2_per_vehicle,721247.0326027272,3662.0767504698224
5600,baseline,throughput,3212.3153559604516,20.569104403703694
5600,baseline,avg_wait_time,23.06818342776204,0.6720411347168104
5600,baseline,avg_fulltrip_wait,168.29569759206797,2.4014217386661327
5600,baseline,avg_travel_time,141.5371990084986,0.5685250928199924
5600,baseline,avg_speed,2.0338435935929917,0.011261007103341472
5600,baseline,avg_co2_per_vehicle,720456.9143965167,2154.111531809516
5600,emission_based,throughput,3252.3868039642393,8.734959662620296
5600,emission_based,avg_wait_time,21.925070821529744,0.5506291945774698
5600,emission_based,avg_fulltrip_wait,165.30658640226628,1.571275067308263
5600,emission_based,avg_travel_time,141.6793909348442,0.4974091909034202
5600,emission_based,avg_speed,2.035815172011412,0.009376445897169933
5600,emission_based,avg_co2_per_vehicle,719902.8727347365,2178.9307191186094
5700,baseline,throughput,3211.5382243642734,26.677567169327016
5700,baseline,avg_wait_time,22.757805980528513,0.6256620805763521
5700,baseline,avg_fulltrip_wait,168.28324061196105,3.2205055207439486
5700,baseline,avg_travel_time,141.70601529902643,0.7036664755947256
5700,baseline,avg_speed,2.0344097030781656,0.0127696642536098
5700,baseline,avg_co2_per_vehicle,720789.0643773616,2963.5430471715536
5700,emission_based,throughput,3237.148751104136,16.169843407026317
5700,emission_based,avg_wait_time,21.95622392211405,0.6751096150293139
5700,emission_based,avg_fulltrip_wait,165.8376043115438,2.7955468792695153
5700,emission_based,avg_travel_time,142.2471662030598,0.7503184648373132
5700,emission_based,avg_speed,2.02614607689844,0.009731196345354432
5700,emission_based,avg_co2_per_vehicle,722916.0464825025,2700.4178031456836
5800,baseline,throughput,3227.902574552107,16.7839779665804
5800,baseline,avg_wait_time,22.74174673987646,0.39441504542866823
5800,baseline,avg_fulltrip_wait,167.94474948524365,2.5514955119303244
5800,baseline,avg_travel_time,141.1490734385724,0.5498713199481519
5800,baseline,avg_speed,2.041412255557618,0.008020516628116085
5800,baseline,avg_co2_per_vehicle,719422.6209392145,2076.508149917557
5800,emission_based,throughput,3251.8039175184995,15.728581018041053
5800,emission_based,avg_wait_time,22.06484214138641,0.3726663383429505
5800,emission_based,avg_fulltrip_wait,166.61487645847632,2.1560736243837613
5800,emission_based,avg_travel_time,142.15772134522993,0.6989018261625585
5800,emission_based,avg_speed,2.0293025749593823,0.013102350804495537
5800,emission_based,avg_co2_per_vehicle,721972.3867216561,2718.702514704625
5900,baseline,throughput,3218.4848997279178,16.769947136945103
5900,baseline,avg_wait_time,23.034090909090907,0.7056835408898082
5900,baseline,avg_fulltrip_wait,171.14053872053876,3.829578328516765
5900,baseline,avg_travel_time,141.90212121212124,0.6627463731783353
5900,baseline,avg_speed,2.0315916502315603,0.010626764556931952
5900,baseline,avg_co2_per_vehicle,721874.6375167379,2627.7958143674964
5900,emission_based,throughput,3251.692965317462,7.318060414008518
5900,emission_based,avg_wait_time,21.865909090909092,0.32104080702542026
5900,emission_based,avg_fulltrip_wait,166.26646464646464,3.2189614782835783
5900,emission_based,avg_travel_time,142.2400505050505,0.24164271999965606
5900,emission_based,avg_speed,2.028728024901217,0.004042172596919538
5900,emission_based,avg_co2_per_vehicle,723233.9109060451,992.6883764589711
6000,baseline,throughput,3195.7184818510555,21.960331632262495
6000,baseline,avg_wait_time,23.161155378486058,0.7516238365236081
6000,baseline,avg_fulltrip_wait,171.0632802124834,3.645887810179528
6000,baseline,avg_travel_time,141.8719289508632,0.5531393642507109
6000,baseline,avg_speed,2.0292514876784855,0.01079843331038584
6000,baseline,avg_co2_per_vehicle,721350.1589421687,1863.0062382840306
6000,emission_based,throughput,3238.2809178653497,13.318451448280758
6000,emission_based,avg_wait_time,21.754664674634792,0.3461828913513451
6000,emission_based,avg_fulltrip_wait,166.7737383798141,2.2517756881800555
6000,emission_based,avg_travel_time,142.44168326693227,0.39156217286228595
6000,emission_based,avg_speed,2.024878481815079,0.005849940771048629
6000,emission_based,avg_co2_per_vehicle,722600.4260526678,2064.9085149967696
6100,baseline,throughput,3207.9130212801824,25.166597441313048
6100,baseline,avg_wait_time,22.516150586701432,0.45495015059293725
6100,baseline,avg_fulltrip_wait,169.95112451108213,2.3055715755764647
6100,baseline,avg_travel_time,141.80660039113428,0.6563614041904685
6100,baseline,avg_speed,2.032075647423248,0.012930085517090099
6100,baseline,avg_co2_per_vehicle,721252.9067543613,2685.218561977828
6100,emission_based,throughput,3244.346366165699,19.91349107589617
6100,emission_based,avg_wait_time,21.873109517601044,0.32224799427431033
6100,emission_based,avg_fulltrip_wait,167.56985006518906,2.4540762062659405
6100,emission_based,avg_travel_time,142.22405475880055,0.5567019998435057
6100,emission_based,avg_speed,2.0298853407093285,0.0077985007791237975
6100,emission_based,avg_co2_per_vehicle,722563.1270909483,2525.1002567438836
6200,baseline,throughput,3214.3528221624615,21.214352287090104
6200,baseline,avg_wait_time,23.146593090211134,1.1216666298809883
6200,baseline,avg_fulltrip_wait,170.97874280230326,5.458316303846815
6200,baseline,avg_travel_time,141.877207293666,0.4082192060680606
6200,baseline,avg_speed,2.029835644175584,0.008741813716549814
6200,baseline,avg_co2_per_vehicle,722169.4694160997,1954.6919875512313
6200,emission_based,throughput,3258.4448487708496,19.790271575655986
6200,emission_based,avg_wait_time,21.90874920025592,0.4901693745091665
6200,emission_based,avg_fulltrip_wait,168.09056301983364,2.0398197887289813
6200,emission_based,avg_travel_time,142.21442738323736,0.654705758099236
6200,emission_based,avg_speed,2.028186412567619,0.011351405837843413
6200,emission_based,avg_co2_per_vehicle,723044.872295503,2490.3682982492883
6300,baseline,throughput,3204.9810983797656,25.653399863046637
6300,baseline,avg_wait_time,23.388013915243512,0.7339489739760715
6300,baseline,avg_fulltrip_wait,172.84233080328903,3.7763809729953453
6300,baseline,avg_travel_time,142.12692915876028,0.6595200871925657
6300,baseline,avg_speed,2.026091347132307,0.0122969752722456
6300,baseline,avg_co2_per_vehicle,722854.9938772833,2516.3422392916054
6300,emission_based,throughput,3241.9174946034927,11.573105968405962
6300,emission_based,avg_wait_time,22.20294117647059,0.6492470563796051
6300,emission_based,avg_fulltrip_wait,170.12406704617328,3.2827755039898263
6300,emission_based,avg_travel_time,142.60577166350413,0.42279711097513256
6300,emission_based,avg_speed,2.022043677080238,0.007175335130930759
6300,emission_based,avg_co2_per_vehicle,724408.6797341482,1848.0406343997436
6400,baseline,throughput,3220.2373352219984,28.553644856189443
6400,baseline,avg_wait_time,23.258628731343283,0.6027201928388911
6400,baseline,avg_fulltrip_wait,174.13879042288556,3.0845906164210204
6400,baseline,avg_travel_time,142.27643034825869,0.518587438851312
6400,baseline,avg_speed,2.024522888219491,0.008060069205729558
6400,baseline,avg_co2_per_vehicle,723720.3176041909,1979.3812221840026
6400,emission_based,throughput,3252.072386660394,9.69375301525503
6400,emission_based,avg_wait_time,21.80146144278607,0.6319105903505933
6400,emission_based,avg_fulltrip_wait,168.94707711442786,2.3445047218049786
6400,emission_based,avg_travel_time,142.8850435323383,0.4702371420540347
6400,emission_based,avg_speed,2.017848388795934,0.006749348626503494
6400,emission_based,avg_co2_per_vehicle,725281.3088577178,2158.033018399796
6500,baseline,throughput,3215.7724891916178,22.659791162930485
6500,baseline,avg_wait_time,23.01531517747858,0.8484362138071413
6500,baseline,avg_fulltrip_wait,171.37197062423502,3.6732531648134317
6500,baseline,avg_travel_time,142.25865973072214,0.4728099774561157
6500,baseline,avg_speed,2.023341618097393,0.010912381255040461
6500,baseline,avg_co2_per_vehicle,722644.887386359,2398.0473744030187
6500,emission_based,throughput,3247.4141686073685,9.196930620300686
6500,emission_based,avg_wait_time,22.02079253365973,0.4222760145034039
6500,emission_based,avg_fulltrip_wait,169.86360159118726,1.6520419767095187
6500,emission_based,avg_travel_time,142.9425336597307,0.5465350877868737
6500,emission_based,avg_speed,2.015288689353501,0.009360052702472397
6500,emission_based,avg_co2_per_vehicle,725403.2444118612,1970.2065893776535
6600,baseline,throughput,3208.2636604231025,22.062673052383108
6600,baseline,avg_wait_time,23.29033714629741,0.8422327141412358
6600,baseline,avg_fulltrip_wait,173.89890126429864,3.09157787309401
6600,baseline,avg_travel_time,142.51211619506321,0.6295640898447151
6600,baseline,avg_speed,2.018396445666312,0.012169351080010087
6600,baseline,avg_co2_per_vehicle,723871.5630309547,2669.426026116192
6600,emission_based,throughput,3242.4820686593016,13.54620569373464
6600,emission_based,avg_wait_time,22.14212823600241,0.36730899965222086
6600,emission_based,avg_fulltrip_wait,170.08437688139674,1.2090987651591625
6600,emission_based,avg_travel_time,142.839268512944,0.7791721909196709
6600,emission_based,avg_speed,2.0167209726849396,0.014631694166749256
6600,emission_based,avg_co2_per_vehicle,724979.4226131672,2958.7304778317543
6700,baseline,throughput,3206.857440329746,20.331743706621676
6700,baseline,avg_wait_time,23.1104216152019,0.959047467552682
6700,baseline,avg_fulltrip_wait,172.6073782660333,3.130693549859832
6700,baseline,avg_travel_time,142.55135095011877,0.6135773083350672
6700,baseline,avg_speed,2.0182710443769145,0.01058948566747649
6700,baseline,avg_co2_per_vehicle,725059.4383956782,2462.046494200376
6700,emission_based,throughput,3243.145324510498,12.64539075280664
6700,emission_based,avg_wait_time,22.427998812351543,0.5089675391324747
6700,emission_based,avg_fulltrip_wait,170.34137470308787,2.064736311204771
6700,emission_based,avg_travel_time,143.04904988123516,0.5876866429466931
6700,emission_based,avg_speed,2.0137252492247697,0.011376715734660483
6700,emission_based,avg_co2_per_vehicle,725820.2739223922,2003.848679965646
6800,baseline,throughput,3207.2533652226853,19.39226844659683
6800,baseline,avg_wait_time,22.727985948477752,0.8634813881430091
6800,baseline,avg_fulltrip_wait,172.45007318501172,2.5644609862567034
6800,baseline,avg_travel_time,142.8531030444965,0.4353350179597259
6800,baseline,avg_speed,2.0142483606159254,0.008982070047834283
6800,baseline,avg_co2_per_vehicle,725635.1110058514,1919.0525742275652
6800,emission_based,throughput,3250.3934378707318,9.317586742932336
6800,emission_based,avg_wait_time,22.264095433255267,0.388789741590271
6800,emission_based,avg_fulltrip_wait,170.77123829039814,1.391022533874496
6800,emission_based,avg_travel_time,142.6724824355972,0.5194040387922052
6800,emission_based,avg_speed,2.0210802497788487,0.008636117929873234
6800,emission_based,avg_co2_per_vehicle,724865.6455081512,1571.2752976477195
6900,baseline,throughput,3216.077697035472,23.262587656719877
6900,baseline,avg_wait_time,23.41852652825836,0.7629773953409555
6900,baseline,avg_fulltrip_wait,175.08254036908883,3.3621069128854018
6900,baseline,avg_travel_time,142.91732987312574,0.5816925627565905
6900,baseline,avg_speed,2.012796555514799,0.012255318342336877
6900,baseline,avg_co2_per_vehicle,725662.0294260492,2347.801074096129
6900,emission_based,throughput,3258.4049365471483,9.417451766069766
6900,emission_based,avg_wait_time,22.451066897347175,0.5298253462705573
6900,emission_based,avg_fulltrip_wait,172.03927335640137,2.8695406133173162
6900,emission_based,avg_travel_time,142.9186274509804,0.5745060699973861
6900,emission_based,avg_speed,2.016923575113065,0.00965905675843835
6900,emission_based,avg_co2_per_vehicle,725233.5344377945,2129.4011583593656
7000,baseline,throughput,3215.4023997619415,21.71431552942853
7000,baseline,avg_wait_time,22.85333617262919,0.8218778290020985
7000,baseline,avg_fulltrip_wait,172.38928165814878,3.5615547925575175
7000,baseline,avg_travel_time,142.7298126064736,0.36713380417243097
7000,baseline,avg_speed,2.0147835962521325,0.008820460309941422
7000,baseline,avg_co2_per_vehicle,724752.3980343288,1688.8312988094792
7000,emission_based,throughput,3267.276498474245,10.048028862116164
7000,emission_based,avg_wait_time,22.267291311754683,0.4954668029234626
7000,emission_based,avg_fulltrip_wait,169.90996592844974,1.929674897716443
7000,emission_based,avg_travel_time,142.68982112436117,0.7356430730201194
7000,emission_based,avg_speed,2.0181693606061075,0.013458335496525779
7000,emission_based,avg_co2_per_vehicle,724263.6184662229,3117.3490638092403
7100,baseline,throughput,3203.1210476080296,16.721540115086995
7100,baseline,avg_wait_time,23.09005888951206,0.7717500640339915
7100,baseline,avg_fulltrip_wait,173.73505328098707,3.809942780273786
7100,baseline,avg_travel_time,143.3174985978688,0.525297132501514
7100,baseline,avg_speed,2.006852526790502,0.010945902581093167
7100,baseline,avg_co2_per_vehicle,726515.9452811808,2487.433273507693
7100,emission_based,throughput,3248.214914650911,11.388573636137735
7100,emission_based,avg_wait_time,22.36676948962423,0.5796962375450732
7100,emission_based,avg_fulltrip_wait,171.9347868760516,1.9693578761942463
7100,emission_based,avg_travel_time,143.4233875490746,0.5366585369436718
7100,emission_based,avg_speed,2.008345044862737,0.010716892622936144
7100,emission_based,avg_co2_per_vehicle,726518.8982950051,1554.050852283202
7200,baseline,throughput,3226.027907038806,15.524002616258798
7200,baseline,avg_wait_time,23.036492825607063,0.6029899075496619
7200,baseline,avg_fulltrip_wait,173.4191639072848,2.8930454451713468
7200,baseline,avg_travel_time,142.76381070640178,0.6326931403718978
7200,baseline,avg_speed,2.0148776395843755,0.011778880366436607
7200,baseline,avg_co2_per_vehicle,724947.9152304439,2567.3672595879952
7200,emission_based,throughput,3251.3185888418243,11.603637879460267
7200,emission_based,avg_wait_time,21.919219094922738,0.4227167561982881
7200,emission_based,avg_fulltrip_wait,169.8524972406181,2.1891510766411506
7200,emission_based,avg_travel_time,142.97515176600442,0.37806181753424334
7200,emission_based,avg_speed,2.015788678510799,0.007211691839959361
7200,emission_based,avg_co2_per_vehicle,725353.3487646262,1103.6661643855045
7300,baseline,throughput,3210.0180553697555,17.46850939257856
7300,baseline,avg_wait_time,23.175054555373706,0.7718549438286999
7300,baseline,avg_fulltrip_wait,175.37416803055103,3.1887764604882984
7300,baseline,avg_travel_time,143.20410529187126,0.33828066361276177
7300,baseline,avg_speed,2.009413000212931,0.006731038656522503
7300,baseline,avg_co2_per_vehicle,727067.82686603,1150.4429529364681
7300,emission_based,throughput,3246.824534762871,8.583294964434575
7300,emission_based,avg_wait_time,21.902659574468085,0.3033458644073358
7300,emission_based,avg_fulltrip_wait,171.29146208401528,2.01121564357058
7300,emission_based,avg_travel_time,143.32434533551557,0.2722385950006499
7300,emission_based,avg_speed,2.010752962451635,0.005820517448000804
7300,emission_based,avg_co2_per_vehicle,726494.2665761706,977.4019783490163
7400,baseline,throughput,3216.5160933973307,12.814031428913289
7400,baseline,avg_wait_time,22.530314854682455,0.5799881678518816
7400,baseline,avg_fulltrip_wait,172.39223627556512,2.3870898505126985
7400,baseline,avg_travel_time,143.17156889128097,0.6900143681168873
7400,baseline,avg_speed,2.011730380988471,0.013648654859988903
7400,baseline,avg_co2_per_vehicle,726165.1654412316,2740.447046395806
7400,emission_based,throughput,3254.992918614017,8.697964815653807
7400,emission_based,avg_wait_time,21.993689451022608,0.4168865108568272
7400,emission_based,avg_fulltrip_wait,170.74281485468245,2.0747313231134856
7400,emission_based,avg_travel_time,143.35421151776103,0.6558330812008862
7400,emission_based,avg_speed,2.0107600528760634,0.010905507007921283
7400,emission_based,avg_co2_per_vehicle,726303.7390862178,2265.8014655101174
7500,baseline,throughput,3225.458727599741,16.394781685556474
7500,baseline,avg_wait_time,23.111292462845014,0.5154618070032688
7500,baseline,avg_fulltrip_wait,174.32726910828023,2.5634289894821545
7500,baseline,avg_travel_time,143.0487526539278,0.544348692910824
7500,baseline,avg_speed,2.0097258129661784,0.010197777555271303
7500,baseline,avg_co2_per_vehicle,726545.2357720145,2804.6714212759075
7500,emission_based,throughput,3257.5134027336835,10.35589856961405
7500,emission_based,avg_wait_time,22.326008492569002,0.7275496139457502
7500,emission_based,avg_fulltrip_wait,172.0536889596603,3.2172273406323297
7500,emission_based,avg_travel_time,143.1271762208068,0.35461264745943577
7500,emission_based,avg_speed,2.0135158593592224,0.006362048568047017
7500,emission_based,avg_co2_per_vehicle,726320.8708013368,1159.9503122040487
