"# Per-volume, per-method: the WHAT (absolute numbers)"

volume,method,regime,mean_throughput,mean_avg_wait_s,mean_fulltrip_wait_s,mean_travel_s,mean_speed_mps,mean_co2_mg_per_veh,mean_phase_switches,std_phase_switches,n_seeds_phase_switches
500,baseline,Free-flow,511.99,5.271,6.121,33.007,8.7,264173.4,189.0,0.47,10
500,emission_based,Free-flow,512.63,4.862,5.743,32.685,8.783,263074.0,140.6,1.78,10
600,baseline,Free-flow,618.41,5.254,6.163,33.276,8.63,268738.0,192.9,0.32,10
600,emission_based,Free-flow,619.12,5.227,6.13,33.269,8.634,269359.8,155.5,1.9,10
700,baseline,Free-flow,726.16,5.173,6.022,33.054,8.681,268725.7,191.4,0.84,10
700,emission_based,Free-flow,725.6,4.945,5.825,32.775,8.756,267290.6,165.6,2.07,10
800,baseline,Free-flow,830.98,5.117,5.965,33.083,8.674,269578.3,192.0,0.0,10
800,emission_based,Free-flow,830.55,4.973,5.841,32.944,8.711,267041.1,174.2,2.15,10
900,baseline,Free-flow,913.05,5.086,5.966,33.053,8.685,266290.3,193.8,0.42,10
900,emission_based,Free-flow,913.89,5.063,5.923,32.954,8.711,265547.1,181.7,1.34,10
1000,baseline,Free-flow,998.73,5.085,5.955,32.992,8.699,266052.7,193.0,0.47,10
1000,emission_based,Free-flow,1000.85,4.899,5.76,32.781,8.754,265235.0,183.6,0.84,10
1100,baseline,Free-flow,1112.11,5.133,6.086,33.261,8.633,268453.1,193.8,0.42,10
1100,emission_based,Free-flow,1111.9,5.04,5.978,33.185,8.652,267478.1,186.7,0.82,10
1200,baseline,Free-flow,1213.31,4.999,5.914,33.111,8.671,265626.0,192.9,0.57,10
1200,emission_based,Free-flow,1213.18,5.126,6.054,33.287,8.627,266700.3,186.8,0.42,10
1300,baseline,Free-flow,1314.03,5.134,6.124,33.402,8.596,269622.6,195.1,0.57,10
1300,emission_based,Free-flow,1316.61,5.153,6.169,33.501,8.571,270303.0,188.3,0.67,10
1400,baseline,Free-flow,1404.77,5.203,6.28,33.567,8.552,269283.1,193.4,0.7,10
1400,emission_based,Free-flow,1405.03,5.171,6.207,33.556,8.559,269323.5,187.3,0.67,10
1500,baseline,Free-flow,1489.04,5.161,6.212,33.55,8.557,269033.1,192.2,0.63,10
1500,emission_based,Free-flow,1489.2,5.207,6.289,33.728,8.512,270005.3,186.1,0.74,10
1600,baseline,Free-flow,1592.33,5.123,6.218,33.682,8.525,271076.7,193.3,0.48,10
1600,emission_based,Free-flow,1592.21,5.191,6.33,33.934,8.462,272836.4,187.7,0.48,10
1700,baseline,Free-flow,1692.57,5.312,6.501,34.117,8.418,272525.2,193.1,0.88,10
1700,emission_based,Free-flow,1691.78,5.274,6.519,34.219,8.389,272641.0,187.2,0.63,10
1800,baseline,Free-flow,1782.2,5.237,6.525,34.195,8.395,273011.8,193.8,0.79,10
1800,emission_based,Free-flow,1783.17,5.317,6.604,34.285,8.377,273370.4,187.9,0.57,10
1900,baseline,Free-flow,1888.08,5.374,6.697,34.509,8.323,274832.6,193.7,0.48,10
1900,emission_based,Free-flow,1886.1,5.35,6.729,34.582,8.305,274096.3,187.7,0.67,10
2000,baseline,Free-flow,1982.11,5.539,7.04,35.028,8.204,277144.1,192.1,0.88,10
2000,emission_based,Free-flow,1979.63,5.468,6.957,34.961,8.217,277090.7,187.2,0.63,10
2100,baseline,Free-flow,2088.83,5.593,7.144,35.312,8.137,280430.1,192.9,0.88,10
2100,emission_based,Free-flow,2089.85,5.576,7.137,35.348,8.126,279894.3,187.3,0.95,10
2200,baseline,Free-flow,2182.06,5.685,7.35,35.666,8.055,280668.8,193.5,0.53,10
2200,emission_based,Free-flow,2182.25,5.726,7.415,35.809,8.027,281194.8,188.0,1.05,10
2300,baseline,Free-flow,2269.72,5.905,7.752,36.255,7.929,282976.1,192.9,0.99,10
2300,emission_based,Free-flow,2271.14,5.903,7.691,36.281,7.924,282578.4,188.0,0.67,10
2400,baseline,Free-flow,2368.38,6.128,8.09,36.852,7.806,286352.1,192.9,0.74,10
2400,emission_based,Free-flow,2371.45,5.999,7.854,36.553,7.867,284915.9,187.8,0.63,10
2500,baseline,Near-saturation,2464.04,6.249,8.342,37.281,7.716,288493.5,192.2,0.79,10
2500,emission_based,Near-saturation,2466.84,6.254,8.307,37.281,7.715,288118.7,187.8,0.63,10
2600,baseline,Near-saturation,2559.93,6.63,8.965,38.309,7.513,294023.6,193.5,1.08,10
2600,emission_based,Near-saturation,2560.82,6.576,8.905,38.248,7.524,293617.2,189.5,0.97,10
2700,baseline,Near-saturation,2657.84,6.956,9.535,39.149,7.352,297319.1,191.6,1.43,10
2700,emission_based,Near-saturation,2659.98,6.814,9.32,38.962,7.386,296435.3,188.6,0.52,10
2800,baseline,Near-saturation,2758.04,7.459,10.493,40.745,7.073,303428.9,190.9,1.29,10
2800,emission_based,Near-saturation,2755.07,7.324,10.497,40.843,7.055,303628.4,188.3,0.67,10
2900,baseline,Near-saturation,2844.07,8.172,12.32,43.507,6.636,315283.6,189.0,1.05,10
2900,emission_based,Near-saturation,2846.82,7.801,11.513,42.408,6.804,311049.3,187.9,0.74,10
3000,baseline,Near-saturation,2944.75,9.025,14.691,47.334,6.113,330616.0,185.9,1.37,10
3000,emission_based,Near-saturation,2944.59,8.806,14.333,46.954,6.158,328977.7,186.6,0.7,10
3100,baseline,Breakdown onset,3018.42,10.219,19.801,55.694,5.216,365067.7,185.3,1.77,10
3100,emission_based,Breakdown onset,3015.13,9.771,19.082,54.953,5.287,362441.5,188.5,1.18,10
3200,baseline,Breakdown onset,3032.82,11.352,33.415,78.625,3.723,452187.0,186.7,2.11,10
3200,emission_based,Breakdown onset,3045.37,10.518,32.901,79.293,3.702,455229.1,190.4,1.43,10
3300,baseline,Breakdown onset,3046.13,12.251,49.107,94.436,3.092,511004.1,188.2,2.62,10
3300,emission_based,Breakdown onset,3070.31,11.006,46.099,92.656,3.147,504131.4,194.0,1.63,10
3400,baseline,Breakdown onset,3068.46,12.972,62.941,100.527,2.901,535444.3,189.1,3.31,10
3400,emission_based,Breakdown onset,3087.24,11.906,61.648,100.187,2.911,534469.4,195.9,2.6,10
3500,baseline,Gridlock,3104.87,14.049,75.021,105.244,2.77,555457.0,190.9,2.18,10
3500,emission_based,Gridlock,3135.49,13.202,72.694,104.98,2.777,555178.4,196.1,2.85,10
3600,baseline,Gridlock,3128.62,16.08,92.453,111.802,2.605,586279.2,193.2,2.3,10
3600,emission_based,Gridlock,3137.89,15.56,94.236,113.789,2.56,595436.0,195.1,2.6,10
3700,baseline,Gridlock,3127.11,17.555,109.75,117.042,2.485,609417.9,195.0,3.46,10
3700,emission_based,Gridlock,3146.15,17.558,107.673,118.39,2.458,615810.3,193.9,4.28,10
3800,baseline,Gridlock,3135.75,19.797,122.202,121.719,2.385,629802.8,197.3,2.71,10
3800,emission_based,Gridlock,3182.05,18.951,119.086,123.817,2.348,640293.5,194.4,4.01,10
3900,baseline,Gridlock,3168.14,20.877,129.668,126.366,2.298,651918.9,196.4,2.22,10
3900,emission_based,Gridlock,3172.69,20.375,131.281,130.177,2.229,669346.3,192.8,5.41,10
4000,baseline,Gridlock,3140.06,21.966,142.27,131.318,2.206,674090.6,199.9,4.86,10
4000,emission_based,Gridlock,3190.3,21.38,138.334,133.66,2.169,685224.1,192.5,3.31,10
4100,baseline,Gridlock,3156.3,22.368,142.16,133.7,2.167,685938.4,203.1,2.38,10
4100,emission_based,Gridlock,3190.98,21.757,143.321,136.282,2.124,697669.5,198.9,4.2,10
4200,baseline,Gridlock,3163.79,22.858,148.243,136.262,2.123,696823.5,206.5,4.35,10
4200,emission_based,Gridlock,3206.61,21.055,143.185,137.49,2.104,702291.7,205.4,4.12,10
4300,baseline,Gridlock,3172.86,23.013,152.947,136.665,2.114,698280.9,211.5,3.81,10
4300,emission_based,Gridlock,3195.08,21.055,147.598,139.031,2.079,707978.9,211.2,5.27,10
4400,baseline,Gridlock,3181.63,22.48,153.844,137.549,2.102,703755.2,217.7,4.42,10
4400,emission_based,Gridlock,3211.83,21.336,150.22,139.811,2.067,712378.4,212.8,3.88,10
4500,baseline,Gridlock,3194.97,23.05,157.299,138.2,2.087,705937.1,219.9,1.91,10
4500,emission_based,Gridlock,3213.15,21.231,151.797,140.008,2.065,712764.2,217.3,5.68,10
4600,baseline,Gridlock,3181.59,23.032,160.237,139.231,2.072,710370.4,226.7,3.06,10
4600,emission_based,Gridlock,3217.77,21.533,153.577,139.965,2.066,713354.2,220.4,2.95,10
4700,baseline,Gridlock,3182.17,23.095,161.872,139.841,2.064,713459.7,232.6,3.13,10
4700,emission_based,Gridlock,3216.52,21.335,156.298,140.409,2.058,715499.3,226.8,6.32,10
4800,baseline,Gridlock,3181.42,22.983,162.601,139.968,2.061,713285.7,238.3,4.19,10
4800,emission_based,Gridlock,3220.97,21.712,159.603,140.978,2.049,716761.5,229.7,4.24,10
4900,baseline,Gridlock,3200.11,23.315,165.284,140.533,2.053,716024.5,240.2,2.15,10
4900,emission_based,Gridlock,3215.58,21.621,159.746,141.448,2.041,719451.0,236.7,5.56,10
5000,baseline,Gridlock,3189.75,23.257,165.81,140.841,2.047,717416.3,246.3,6.65,10
5000,emission_based,Gridlock,3229.47,21.522,160.487,141.456,2.041,719299.8,238.1,6.35,10
5100,baseline,Gridlock,3204.6,22.954,165.467,140.617,2.053,717317.0,251.5,2.46,10
5100,emission_based,Gridlock,3226.14,21.667,163.44,141.749,2.036,721028.6,239.1,5.7,10
5200,baseline,Gridlock,3189.54,23.306,168.353,141.012,2.045,718458.6,257.3,5.03,10
5200,emission_based,Gridlock,3245.11,21.606,161.457,141.476,2.04,719449.8,249.1,3.75,10
5300,baseline,Gridlock,3198.65,23.16,168.514,141.471,2.038,719185.9,261.1,2.88,10
5300,emission_based,Gridlock,3236.31,21.733,163.984,141.934,2.033,720820.6,250.4,5.74,10
5400,baseline,Gridlock,3209.62,22.868,167.537,141.365,2.041,719329.0,266.3,3.02,10
5400,emission_based,Gridlock,3226.05,21.873,164.743,142.211,2.03,721464.2,255.6,4.53,10
5500,baseline,Gridlock,3202.36,23.021,168.782,141.416,2.038,719195.0,272.4,5.17,10
5500,emission_based,Gridlock,3236.29,21.98,165.199,142.15,2.029,721247.0,259.5,3.24,10
5600,baseline,Gridlock,3212.32,23.068,168.296,141.537,2.034,720456.9,279.1,3.21,10
5600,emission_based,Gridlock,3252.39,21.925,165.307,141.679,2.036,719902.9,260.9,5.47,10
5700,baseline,Gridlock,3211.54,22.758,168.283,141.706,2.034,720789.1,285.6,3.17,10
5700,emission_based,Gridlock,3237.15,21.956,165.838,142.247,2.026,722916.0,271.7,6.99,10
5800,baseline,Gridlock,3227.9,22.742,167.945,141.149,2.041,719422.6,286.4,3.47,10
5800,emission_based,Gridlock,3251.8,22.065,166.615,142.158,2.029,721972.4,271.1,2.92,10
5900,baseline,Gridlock,3218.48,23.034,171.141,141.902,2.032,721874.6,290.5,4.4,10
5900,emission_based,Gridlock,3251.69,21.866,166.266,142.24,2.029,723233.9,278.2,7.33,10
6000,baseline,Gridlock,3195.72,23.161,171.063,141.872,2.029,721350.2,297.5,5.48,10
6000,emission_based,Gridlock,3238.28,21.755,166.774,142.442,2.025,722600.4,282.3,4.57,10
6100,baseline,Gridlock,3207.91,22.516,169.951,141.807,2.032,721252.9,305.1,3.45,10
6100,emission_based,Gridlock,3244.35,21.873,167.57,142.224,2.03,722563.1,289.1,5.13,10
6200,baseline,Gridlock,3214.35,23.147,170.979,141.877,2.03,722169.5,306.9,4.23,10
6200,emission_based,Gridlock,3258.44,21.909,168.091,142.214,2.028,723044.9,291.3,6.34,10
6300,baseline,Gridlock,3204.98,23.388,172.842,142.127,2.026,722855.0,310.1,4.46,10
6300,emission_based,Gridlock,3241.92,22.203,170.124,142.606,2.022,724408.7,290.6,8.5,10
6400,baseline,Gridlock,3220.24,23.259,174.139,142.276,2.025,723720.3,315.1,4.95,10
6400,emission_based,Gridlock,3252.07,21.801,168.947,142.885,2.018,725281.3,300.2,8.18,10
6500,baseline,Gridlock,3215.77,23.015,171.372,142.259,2.023,722644.9,322.3,7.39,10
6500,emission_based,Gridlock,3247.41,22.021,169.864,142.943,2.015,725403.2,304.7,9.18,10
6600,baseline,Gridlock,3208.26,23.29,173.899,142.512,2.018,723871.6,327.3,4.4,10
6600,emission_based,Gridlock,3242.48,22.142,170.084,142.839,2.017,724979.4,310.7,6.86,10
6700,baseline,Gridlock,3206.86,23.11,172.607,142.551,2.018,725059.4,333.2,4.49,10
6700,emission_based,Gridlock,3243.15,22.428,170.341,143.049,2.014,725820.3,312.9,5.09,10
6800,baseline,Gridlock,3207.25,22.728,172.45,142.853,2.014,725635.1,340.1,4.38,10
6800,emission_based,Gridlock,3250.39,22.264,170.771,142.672,2.021,724865.6,314.4,7.11,10
6900,baseline,Gridlock,3216.08,23.419,175.083,142.917,2.013,725662.0,341.2,7.44,10
6900,emission_based,Gridlock,3258.4,22.451,172.039,142.919,2.017,725233.5,320.0,6.82,10
7000,baseline,Gridlock,3215.4,22.853,172.389,142.73,2.015,724752.4,349.2,4.34,10
7000,emission_based,Gridlock,3267.28,22.267,169.91,142.69,2.018,724263.6,324.2,8.26,10
7100,baseline,Gridlock,3203.12,23.09,173.735,143.317,2.007,726515.9,356.5,5.23,10
7100,emission_based,Gridlock,3248.21,22.367,171.935,143.423,2.008,726518.9,330.2,6.76,10
7200,baseline,Gridlock,3226.03,23.036,173.419,142.764,2.015,724947.9,356.7,3.83,10
7200,emission_based,Gridlock,3251.32,21.919,169.852,142.975,2.016,725353.3,338.0,5.89,10
7300,baseline,Gridlock,3210.02,23.175,175.374,143.204,2.009,727067.8,362.1,7.05,10
7300,emission_based,Gridlock,3246.82,21.903,171.291,143.324,2.011,726494.3,342.0,4.76,10
7400,baseline,Gridlock,3216.52,22.53,172.392,143.172,2.012,726165.2,370.1,2.92,10
7400,emission_based,Gridlock,3254.99,21.994,170.743,143.354,2.011,726303.7,347.8,4.39,10
7500,baseline,Gridlock,3225.46,23.111,174.327,143.049,2.01,726545.2,371.2,4.76,10
7500,emission_based,Gridlock,3257.51,22.326,172.054,143.127,2.014,726320.9,349.6,4.25,10

# Emission-based vs Baseline deltas at each volume: the SO WHAT

volume,regime,delta_wait_s,delta_wait_pct,delta_travel_s,delta_travel_pct,delta_co2_mg,delta_co2_pct,delta_switches,delta_switches_pct,emission_helps_co2,emission_helps_travel
500,Free-flow,-0.409,-7.76,-0.322,-0.98,-1099.4,-0.42,-48.4,-25.61,True,True
600,Free-flow,-0.027,-0.51,-0.007,-0.02,621.8,0.23,-37.4,-19.39,False,True
700,Free-flow,-0.228,-4.41,-0.279,-0.84,-1435.1,-0.53,-25.8,-13.48,True,True
800,Free-flow,-0.144,-2.81,-0.139,-0.42,-2537.2,-0.94,-17.8,-9.27,True,True
900,Free-flow,-0.023,-0.45,-0.099,-0.3,-743.2,-0.28,-12.1,-6.24,True,True
1000,Free-flow,-0.186,-3.66,-0.211,-0.64,-817.7,-0.31,-9.4,-4.87,True,True
1100,Free-flow,-0.093,-1.81,-0.076,-0.23,-975.0,-0.36,-7.1,-3.66,True,True
1200,Free-flow,0.127,2.54,0.176,0.53,1074.3,0.4,-6.1,-3.16,False,False
1300,Free-flow,0.019,0.37,0.099,0.3,680.4,0.25,-6.8,-3.49,False,False
1400,Free-flow,-0.032,-0.62,-0.011,-0.03,40.4,0.02,-6.1,-3.15,False,True
1500,Free-flow,0.046,0.89,0.178,0.53,972.2,0.36,-6.1,-3.17,False,False
1600,Free-flow,0.068,1.33,0.252,0.75,1759.7,0.65,-5.6,-2.9,False,False
1700,Free-flow,-0.038,-0.72,0.102,0.3,115.8,0.04,-5.9,-3.06,False,False
1800,Free-flow,0.08,1.53,0.09,0.26,358.6,0.13,-5.9,-3.04,False,False
1900,Free-flow,-0.024,-0.45,0.073,0.21,-736.3,-0.27,-6.0,-3.1,True,False
2000,Free-flow,-0.071,-1.28,-0.067,-0.19,-53.4,-0.02,-4.9,-2.55,True,True
2100,Free-flow,-0.017,-0.3,0.036,0.1,-535.8,-0.19,-5.6,-2.9,True,False
2200,Free-flow,0.041,0.72,0.143,0.4,526.0,0.19,-5.5,-2.84,False,False
2300,Free-flow,-0.002,-0.03,0.026,0.07,-397.7,-0.14,-4.9,-2.54,True,False
2400,Free-flow,-0.129,-2.11,-0.299,-0.81,-1436.2,-0.5,-5.1,-2.64,True,True
2500,Near-saturation,0.005,0.08,0.0,0.0,-374.8,-0.13,-4.4,-2.29,True,False
2600,Near-saturation,-0.054,-0.81,-0.061,-0.16,-406.4,-0.14,-4.0,-2.07,True,True
2700,Near-saturation,-0.142,-2.04,-0.187,-0.48,-883.8,-0.3,-3.0,-1.57,True,True
2800,Near-saturation,-0.135,-1.81,0.098,0.24,199.5,0.07,-2.6,-1.36,False,False
2900,Near-saturation,-0.371,-4.54,-1.099,-2.53,-4234.3,-1.34,-1.1,-0.58,True,True
3000,Near-saturation,-0.219,-2.43,-0.38,-0.8,-1638.3,-0.5,0.7,0.38,True,True
3100,Breakdown onset,-0.448,-4.38,-0.741,-1.33,-2626.2,-0.72,3.2,1.73,True,True
3200,Breakdown onset,-0.834,-7.35,0.668,0.85,3042.1,0.67,3.7,1.98,False,False
3300,Breakdown onset,-1.245,-10.16,-1.78,-1.88,-6872.7,-1.34,5.8,3.08,True,True
3400,Breakdown onset,-1.066,-8.22,-0.34,-0.34,-974.9,-0.18,6.8,3.6,True,True
3500,Gridlock,-0.847,-6.03,-0.264,-0.25,-278.6,-0.05,5.2,2.72,True,True
3600,Gridlock,-0.52,-3.23,1.987,1.78,9156.8,1.56,1.9,0.98,False,False
3700,Gridlock,0.003,0.02,1.348,1.15,6392.4,1.05,-1.1,-0.56,False,False
3800,Gridlock,-0.846,-4.27,2.098,1.72,10490.7,1.67,-2.9,-1.47,False,False
3900,Gridlock,-0.502,-2.4,3.811,3.02,17427.4,2.67,-3.6,-1.83,False,False
4000,Gridlock,-0.586,-2.67,2.342,1.78,11133.5,1.65,-7.4,-3.7,False,False
4100,Gridlock,-0.611,-2.73,2.582,1.93,11731.1,1.71,-4.2,-2.07,False,False
4200,Gridlock,-1.803,-7.89,1.228,0.9,5468.2,0.78,-1.1,-0.53,False,False
4300,Gridlock,-1.958,-8.51,2.366,1.73,9698.0,1.39,-0.3,-0.14,False,False
4400,Gridlock,-1.144,-5.09,2.262,1.64,8623.2,1.23,-4.9,-2.25,False,False
4500,Gridlock,-1.819,-7.89,1.808,1.31,6827.1,0.97,-2.6,-1.18,False,False
4600,Gridlock,-1.499,-6.51,0.734,0.53,2983.8,0.42,-6.3,-2.78,False,False
4700,Gridlock,-1.76,-7.62,0.568,0.41,2039.6,0.29,-5.8,-2.49,False,False
4800,Gridlock,-1.271,-5.53,1.01,0.72,3475.8,0.49,-8.6,-3.61,False,False
4900,Gridlock,-1.694,-7.27,0.915,0.65,3426.5,0.48,-3.5,-1.46,False,False
5000,Gridlock,-1.735,-7.46,0.615,0.44,1883.5,0.26,-8.2,-3.33,False,False
5100,Gridlock,-1.287,-5.61,1.132,0.81,3711.6,0.52,-12.4,-4.93,False,False
5200,Gridlock,-1.7,-7.29,0.464,0.33,991.2,0.14,-8.2,-3.19,False,False
5300,Gridlock,-1.427,-6.16,0.463,0.33,1634.7,0.23,-10.7,-4.1,False,False
5400,Gridlock,-0.995,-4.35,0.846,0.6,2135.2,0.3,-10.7,-4.02,False,False
5500,Gridlock,-1.041,-4.52,0.734,0.52,2052.0,0.29,-12.9,-4.74,False,False
5600,Gridlock,-1.143,-4.95,0.142,0.1,-554.0,-0.08,-18.2,-6.52,True,False
5700,Gridlock,-0.802,-3.52,0.541,0.38,2126.9,0.3,-13.9,-4.87,False,False
5800,Gridlock,-0.677,-2.98,1.009,0.71,2549.8,0.35,-15.3,-5.34,False,False
5900,Gridlock,-1.168,-5.07,0.338,0.24,1359.3,0.19,-12.3,-4.23,False,False
6000,Gridlock,-1.406,-6.07,0.57,0.4,1250.2,0.17,-15.2,-5.11,False,False
6100,Gridlock,-0.643,-2.86,0.417,0.29,1310.2,0.18,-16.0,-5.24,False,False
6200,Gridlock,-1.238,-5.35,0.337,0.24,875.4,0.12,-15.6,-5.08,False,False
6300,Gridlock,-1.185,-5.07,0.479,0.34,1553.7,0.21,-19.5,-6.29,False,False
6400,Gridlock,-1.458,-6.27,0.609,0.43,1561.0,0.22,-14.9,-4.73,False,False
6500,Gridlock,-0.994,-4.32,0.684,0.48,2758.3,0.38,-17.6,-5.46,False,False
6600,Gridlock,-1.148,-4.93,0.327,0.23,1107.8,0.15,-16.6,-5.07,False,False
6700,Gridlock,-0.682,-2.95,0.498,0.35,760.9,0.1,-20.3,-6.09,False,False
6800,Gridlock,-0.464,-2.04,-0.181,-0.13,-769.5,-0.11,-25.7,-7.56,True,True
6900,Gridlock,-0.968,-4.13,0.002,0.0,-428.5,-0.06,-21.2,-6.21,True,False
7000,Gridlock,-0.586,-2.56,-0.04,-0.03,-488.8,-0.07,-25.0,-7.16,True,True
7100,Gridlock,-0.723,-3.13,0.106,0.07,3.0,0.0,-26.3,-7.38,False,False
7200,Gridlock,-1.117,-4.85,0.211,0.15,405.4,0.06,-18.7,-5.24,False,False
7300,Gridlock,-1.272,-5.49,0.12,0.08,-573.5,-0.08,-20.1,-5.55,True,False
7400,Gridlock,-0.536,-2.38,0.182,0.13,138.5,0.02,-22.3,-6.03,False,False
7500,Gridlock,-0.785,-3.4,0.078,0.05,-224.3,-0.03,-21.6,-5.82,True,False
