volume,n_seeds,cycle_seconds,mean_sim_end_time,mean_total_arrived,mean_avg_arrived_per_cycle,std_avg_arrived_per_cycle,mean_max_arrived_per_cycle,std_max_arrived_per_cycle
500,10,90,7199.0,512.0,11.848648648648648,0.029053181074949468,36.1,1.449137674618944
600,10,90,7199.0,632.0,14.662162162162161,0.04273348189416752,33.9,2.2335820757001272
700,10,90,7199.0,736.0,17.329729729729728,0.03779491344757287,39.6,1.7126976771553506
800,10,90,7199.0,844.0,19.927027027027027,0.049426546754397525,44.6,2.3664319132398464
900,10,90,7199.0,936.0,22.44324324324324,0.022791190343556124,50.2,2.2997584414213788
1000,10,90,7199.0,1020.0,25.07027027027027,0.04801049583594348,47.8,1.9888578520235063
1100,10,90,7199.0,1140.0,27.548648648648644,0.04422680255363494,51.4,1.2649110640673518
1200,10,90,7199.0,1240.0,30.197297297297297,0.06116845115952416,52.0,2.2110831935702664
1300,10,90,7199.0,1356.0,32.4054054054054,0.04767119479395532,52.3,3.0568684048294332
1400,10,90,7199.0,1440.0,35.03783783783784,0.0837401804585384,53.5,1.9002923751652299
1500,10,90,7199.0,1516.0,37.75135135135135,0.0707078085417979,58.7,2.2135943621178655
1600,10,90,7199.0,1632.0,40.27837837837838,0.0743447965253264,59.1,1.5951314818673865
1700,10,90,7199.0,1732.0,42.56216216216216,0.06471454052637056,64.1,2.330951164939612
1800,10,90,7199.0,1832.0,45.11351351351351,0.05222117746374548,70.6,1.9550504398153574
1900,10,90,7199.0,1940.0,47.72702702702703,0.08494305993746305,65.7,3.4657049948186747
2000,10,90,7199.0,2024.0,50.36756756756757,0.09027009044955228,69.6,2.5473297566057065
2100,10,90,7199.0,2140.0,52.729729729729726,0.09362436797669609,68.2,1.8737959096740262
2200,10,90,7199.0,2244.0,55.01081081081081,0.09802861627917385,75.1,3.0349812373573433
2300,10,90,7199.0,2332.0,57.5,0.07122246982361126,76.1,2.2335820757001272
2400,10,90,7199.0,2436.0,60.08108108108108,0.10112587531821562,75.6,1.5776212754932308
2500,10,90,7199.0,2532.0,62.391891891891895,0.0938408407927902,79.7,1.8287822299126937
2600,10,90,7199.0,2652.0,64.91081081081082,0.11540677679206841,75.0,1.0540925533894598
2700,10,90,7199.0,2740.0,67.52162162162162,0.12743847491716895,80.8,1.8135294011647258
2800,10,90,7199.0,2840.0,69.98918918918919,0.08845360510726742,81.0,1.563471919941143
2900,10,90,7199.0,2936.0,72.44324324324324,0.114807440159092,83.3,1.946506842754191
3000,10,90,7199.0,3020.0,75.01891891891891,0.13842834120544686,84.7,2.3118054512532935
3100,10,90,7199.0,3144.0,77.37297297297297,0.09602099167188385,86.6,1.7126976771553506
3200,10,90,7199.0,3232.0,79.19459459459459,0.15064183759335595,87.1,1.449137674618944
3300,10,90,7199.0,3336.0,80.3918918918919,0.42260799381383773,89.2,1.6193277068654826
3400,10,90,7199.0,3428.0,80.96756756756756,0.2172647249727258,89.8,1.2292725943057183
3500,10,90,7199.0,3532.0,82.05945945945946,0.4312671988480084,91.1,2.998147576235848
3600,10,90,7199.0,3636.0,82.44864864864864,0.35197449937513087,92.4,2.6331223544175333
3700,10,90,7199.0,3732.0,83.25945945945946,0.4676361282164589,92.8,2.2997584414213788
3800,10,90,7199.0,3844.0,83.8918918918919,0.4588407775944804,92.6,1.9550504398153574
3900,10,90,7199.0,3940.0,84.59189189189189,0.2280720976941532,93.6,1.6465452046971292
4000,10,90,7199.0,4024.0,85.1918918918919,0.49071403048942863,93.8,2.043961295567452
4100,10,90,7199.0,4140.0,85.95945945945945,0.5305763290712263,94.4,0.9660917830792959
4200,10,90,7199.0,4240.0,86.2918918918919,0.42424685125078043,94.4,1.429840705968481
4300,10,90,7199.0,4340.0,86.2918918918919,0.3215093048388523,95.6,2.503331114069145
4400,10,90,7199.0,4448.0,87.01891891891891,0.3681698827662174,94.8,1.6865480854231356
4500,10,90,7199.0,4524.0,87.65675675675676,0.3009737194081393,94.8,1.2292725943057183
4600,10,90,7199.0,4632.0,87.66756756756756,0.2851888567868472,95.7,1.7029386365926402
4700,10,90,7199.0,4736.0,88.04054054054055,0.3124061420612544,95.9,2.282785822435191
4800,10,90,7199.0,4836.0,88.11621621621622,0.24706704192239848,94.9,1.5238839267549948
4900,10,90,7199.0,4924.0,88.35945945945946,0.3661804776285177,95.0,1.247219128924647
5000,10,90,7199.0,5028.0,88.3918918918919,0.46135450915565324,96.5,1.2692955176439846
5100,10,90,7199.0,5136.0,88.24864864864864,0.3387195700921047,96.1,1.5951314818673865
5200,10,90,7199.0,5248.0,88.6054054054054,0.3470983059462405,95.8,1.6865480854231356
5300,10,90,7199.0,5332.0,88.35675675675675,0.2935333669503156,95.5,1.7159383568311668
5400,10,90,7199.0,5432.0,88.42972972972973,0.30721909569873956,96.2,2.616188916046478
5500,10,90,7199.0,5532.0,88.75675675675676,0.4053052929442161,96.0,2.0
5600,10,90,7199.0,5648.0,88.75945945945946,0.2488346347118703,96.5,1.4337208778404378
5700,10,90,7199.0,5752.0,88.51081081081081,0.33887528396107836,96.4,1.9550504398153574
5800,10,90,7199.0,5828.0,88.73783783783783,0.27178255582274025,96.9,0.9944289260117531
5900,10,90,7199.0,5940.0,88.61081081081082,0.38878858260933175,96.1,1.5238839267549948
6000,10,90,7199.0,6024.0,88.54324324324324,0.379117681865658,96.1,1.5951314818673865
6100,10,90,7199.0,6136.0,88.82162162162163,0.4382491672586204,96.4,1.6465452046971292
6200,10,90,7199.0,6252.0,89.02432432432433,0.4119491893025161,96.0,1.699673171197595
6300,10,90,7199.0,6324.0,88.77297297297297,0.3771322250904713,96.4,2.0110804171997807
6400,10,90,7199.0,6432.0,88.98648648648648,0.33786786653331957,97.7,2.110818693198342
6500,10,90,7199.0,6536.0,89.08378378378379,0.35087748132188507,96.5,1.6499158227686108
6600,10,90,7199.0,6641.4,88.71891891891892,0.38920587218164054,96.4,1.0749676997731399
6700,10,90,7199.0,6709.4,89.27567567567567,0.2899165728045791,97.2,1.3165611772087666
6800,10,90,7199.0,6736.8,88.8918918918919,0.3834918315998711,96.9,1.9692073983655907
6900,10,90,7199.0,6773.0,89.01081081081081,0.44413592083464104,97.4,2.796823595120404
7000,10,90,7199.0,6802.9,89.26756756756757,0.41155496059907204,96.9,2.0789954839350235
7100,10,90,7199.0,6797.8,89.01081081081081,0.22294339598172705,96.8,1.5491933384829668
7200,10,90,7199.0,6834.8,89.36486486486487,0.2487693922789937,97.1,1.286683937707919
7300,10,90,7199.0,6841.1,89.12972972972973,0.26135444128963875,97.8,1.8737959096740262
7400,10,90,7199.0,6862.5,88.95945945945945,0.3966522515811072,96.4,1.776388345929897
7500,10,90,7199.0,6890.6,88.88648648648649,0.22279772893188618,96.1,1.1972189997378648
