volume,capacity_veh_per_cycle,n_seeds,mean_avg_arrived_per_cycle,std_avg_arrived_per_cycle,mean_max_arrived_per_cycle,std_max_arrived_per_cycle,vc_percent,peak_vc_percent
500,97,10,11.8486,0.0291,36.1,1.4491,12.215101699637781,37.21649484536083
600,97,10,14.6622,0.0427,33.9,2.2336,15.115631095012539,34.94845360824742
700,97,10,17.3297,0.0378,39.6,1.7127,17.865700752298686,40.824742268041234
800,97,10,19.927,0.0494,44.6,2.3664,20.543326831986626,45.97938144329897
900,97,10,22.4432,0.0228,50.2,2.2998,23.137364168292002,51.75257731958763
1000,97,10,25.0703,0.048,47.8,1.9889,25.84563945388688,49.27835051546392
1100,97,10,27.5486,0.0442,51.4,1.2649,28.40066870994706,52.98969072164948
1200,97,10,30.1973,0.0612,52.0,2.2111,31.131234327110615,53.608247422680414
1300,97,10,32.4054,0.0477,52.3,3.0569,33.40763443856227,53.91752577319588
1400,97,10,35.0378,0.0837,53.5,1.9003,36.12148230704932,55.154639175257735
1500,97,10,37.7514,0.0707,58.7,2.2136,38.91891891891892,60.51546391752577
1600,97,10,40.2784,0.0743,59.1,1.5951,41.52410142100864,60.92783505154639
1700,97,10,42.5622,0.0647,64.1,2.331,43.87851769295068,66.08247422680411
1800,97,10,45.1135,0.0522,70.6,1.9551,46.50877681805516,72.78350515463917
1900,97,10,47.727,0.0849,65.7,3.4657,49.20312064641961,67.73195876288659
2000,97,10,50.3676,0.0903,69.6,2.5473,51.92532738924491,71.75257731958762
2100,97,10,52.7297,0.0936,68.2,1.8738,54.360546113123426,70.30927835051547
2200,97,10,55.0108,0.098,75.1,3.035,56.71217609361939,77.42268041237112
2300,97,10,57.5,0.0712,76.1,2.2336,59.27835051546392,78.45360824742266
2400,97,10,60.0811,0.1011,75.6,1.5776,61.93925884647535,77.9381443298969
2500,97,10,62.3919,0.0938,79.7,1.8288,64.32153803287824,82.16494845360825
2600,97,10,64.9108,0.1154,75.0,1.0541,66.91836166062971,77.31958762886597
2700,97,10,67.5216,0.1274,80.8,1.8135,69.60991919754805,83.29896907216495
2800,97,10,69.9892,0.0885,81.0,1.5635,72.1538032878239,83.50515463917526
2900,97,10,72.4432,0.1148,83.3,1.9465,74.68375592086932,85.87628865979381
3000,97,10,75.0189,0.1384,84.7,2.3118,77.33909166898857,87.31958762886597
3100,97,10,77.373,0.096,86.6,1.7127,79.76595151852884,89.27835051546391
3200,97,10,79.1946,0.1506,87.1,1.4491,81.6439119531903,89.79381443298969
3300,97,10,80.3919,0.4226,89.2,1.6193,82.87823906380608,91.95876288659794
3400,97,10,80.9676,0.2173,89.8,1.2293,83.47171914182222,92.57731958762886
3500,97,10,82.0595,0.4313,91.1,2.9981,84.59738088604068,93.91752577319588
3600,97,10,82.4486,0.352,92.4,2.6331,84.99860685427696,95.25773195876289
3700,97,10,83.2595,0.4676,92.8,2.2998,85.83449428810255,95.6701030927835
3800,97,10,83.8919,0.4588,92.6,1.9551,86.4864864864865,95.4639175257732
3900,97,10,84.5919,0.2281,93.6,1.6465,87.20813597102256,96.49484536082474
4000,97,10,85.1919,0.4907,93.8,2.044,87.82669267205351,96.70103092783505
4100,97,10,85.9595,0.5306,94.4,0.9661,88.6179994427417,97.31958762886597
4200,97,10,86.2919,0.4242,94.4,1.4298,88.9607132906102,97.31958762886597
4300,97,10,86.2919,0.3215,95.6,2.5033,88.9607132906102,98.55670103092784
4400,97,10,87.0189,0.3682,94.8,1.6865,89.71022568960713,97.73195876288659
4500,97,10,87.6568,0.301,94.8,1.2293,90.36779047088326,97.73195876288659
4600,97,10,87.6676,0.2852,95.7,1.7029,90.37893563666759,98.65979381443299
4700,97,10,88.0405,0.3124,95.9,2.2828,90.76344385622737,98.8659793814433
4800,97,10,88.1162,0.2471,94.9,1.5239,90.84146001671775,97.83505154639175
4900,97,10,88.3595,0.3662,95.0,1.2472,91.09222624686544,97.9381443298969
5000,97,10,88.3919,0.4614,96.5,1.2693,91.12566174421845,99.48453608247422
5100,97,10,88.2486,0.3387,96.1,1.5951,90.9779882975759,99.0721649484536
5200,97,10,88.6054,0.3471,95.8,1.6865,91.34577876845917,98.76288659793815
5300,97,10,88.3568,0.2935,95.5,1.7159,91.08943995541932,98.45360824742268
5400,97,10,88.4297,0.3072,96.2,2.6162,91.16466982446364,99.17525773195877
5500,97,10,88.7568,0.4053,96.0,2.0,91.50181108943995,98.96907216494846
5600,97,10,88.7595,0.2488,96.5,1.4337,91.50459738088605,99.48453608247422
5700,97,10,88.5108,0.3389,96.4,1.9551,91.24825856784621,99.38144329896907
5800,97,10,88.7378,0.2718,96.9,0.9944,91.48230704931736,99.89690721649484
5900,97,10,88.6108,0.3888,96.1,1.5239,91.35135135135135,99.0721649484536
6000,97,10,88.5432,0.3791,96.1,1.5951,91.2816940651992,99.0721649484536
6100,97,10,88.8216,0.4382,96.4,1.6465,91.56868208414602,99.38144329896907
6200,97,10,89.0243,0.4119,96.0,1.6997,91.77765394260241,98.96907216494846
6300,97,10,88.773,0.3771,96.4,2.0111,91.51852883811647,99.38144329896907
6400,97,10,88.9865,0.3379,97.7,2.1108,91.7386458623572,100.72164948453609
6500,97,10,89.0838,0.3509,96.5,1.6499,91.83895235441628,99.48453608247422
6600,97,10,88.7189,0.3892,96.4,1.075,91.46280300919476,99.38144329896907
6700,97,10,89.2757,0.2899,97.2,1.3166,92.03677904708832,100.20618556701031
6800,97,10,88.8919,0.3835,96.9,1.9692,91.64112566174423,99.89690721649484
6900,97,10,89.0108,0.4441,97.4,2.7968,91.76372248537197,100.41237113402062
7000,97,10,89.2676,0.4116,96.9,2.079,92.02842017275007,99.89690721649484
7100,97,10,89.0108,0.2229,96.8,1.5492,91.76372248537197,99.79381443298969
7200,97,10,89.3649,0.2488,97.1,1.2867,92.12872666480914,100.10309278350516
7300,97,10,89.1297,0.2614,97.8,1.8738,91.88631930899973,100.82474226804123
7400,97,10,88.9595,0.3967,96.4,1.7764,91.71078294789633,99.38144329896907
7500,97,10,88.8865,0.2228,96.1,1.1972,91.63555307885204,99.0721649484536
